model_id,policy_id,store_id,item_id,forecast_total_units,uncertainty_std_28,service_factor,safety_stock_units,order_quantity,served_units,shortage_units,leftover_units,stockout_occurred,holding_cost_units,shortage_cost_units,total_cost_units
adaptive_baseline,point_forecast_order,CA_1,FOODS_3_001,0.0,9.973,0.9674,0,0,0.0,5.0,0.0,1,0.0,25.0,25.0
adaptive_baseline,newsvendor_adjusted_order,CA_1,FOODS_3_001,0.0,9.973,0.9674,10,10,5.0,0.0,5.0,0,5.0,0.0,5.0
adaptive_baseline,point_forecast_order,CA_1,FOODS_3_002,0.0,33.4861,0.9674,0,0,0.0,37.0,0.0,1,0.0,185.0,185.0
adaptive_baseline,newsvendor_adjusted_order,CA_1,FOODS_3_002,0.0,33.4861,0.9674,33,33,33.0,4.0,0.0,1,0.0,20.0,20.0
adaptive_baseline,point_forecast_order,CA_1,FOODS_3_003,0.0,16.7706,0.9674,0,0,0.0,15.0,0.0,1,0.0,75.0,75.0
adaptive_baseline,newsvendor_adjusted_order,CA_1,FOODS_3_003,0.0,16.7706,0.9674,17,17,15.0,0.0,2.0,0,2.0,0.0,2.0
adaptive_baseline,point_forecast_order,CA_1,FOODS_3_004,0.0,7.0569,0.9674,0,0,0.0,24.0,0.0,1,0.0,120.0,120.0
adaptive_baseline,newsvendor_adjusted_order,CA_1,FOODS_3_004,0.0,7.0569,0.9674,7,7,7.0,17.0,0.0,1,0.0,85.0,85.0
adaptive_baseline,point_forecast_order,CA_1,FOODS_3_005,0.0,5.6627,0.9674,0,0,0.0,16.0,0.0,1,0.0,80.0,80.0
adaptive_baseline,newsvendor_adjusted_order,CA_1,FOODS_3_005,0.0,5.6627,0.9674,6,6,6.0,10.0,0.0,1,0.0,50.0,50.0
adaptive_baseline,point_forecast_order,CA_1,FOODS_3_006,0.0,4.9844,0.9674,0,0,0.0,11.0,0.0,1,0.0,55.0,55.0
adaptive_baseline,newsvendor_adjusted_order,CA_1,FOODS_3_006,0.0,4.9844,0.9674,5,5,5.0,6.0,0.0,1,0.0,30.0,30.0
adaptive_baseline,point_forecast_order,CA_1,FOODS_3_007,64.0,68.4641,0.9674,0,64,52.0,0.0,12.0,0,12.0,0.0,12.0
adaptive_baseline,newsvendor_adjusted_order,CA_1,FOODS_3_007,64.0,68.4641,0.9674,67,131,52.0,0.0,79.0,0,79.0,0.0,79.0
adaptive_baseline,point_forecast_order,CA_1,FOODS_3_008,0.0,101.1057,0.9674,0,0,0.0,50.0,0.0,1,0.0,250.0,250.0
adaptive_baseline,newsvendor_adjusted_order,CA_1,FOODS_3_008,0.0,101.1057,0.9674,98,98,50.0,0.0,48.0,0,48.0,0.0,48.0
adaptive_baseline,point_forecast_order,CA_1,FOODS_3_009,0.0,7.5833,0.9674,0,0,0.0,10.0,0.0,1,0.0,50.0,50.0
adaptive_baseline,newsvendor_adjusted_order,CA_1,FOODS_3_009,0.0,7.5833,0.9674,8,8,8.0,2.0,0.0,1,0.0,10.0,10.0
adaptive_baseline,point_forecast_order,CA_1,FOODS_3_010,0.0,5.801,0.9674,0,0,0.0,18.0,0.0,1,0.0,90.0,90.0
adaptive_baseline,newsvendor_adjusted_order,CA_1,FOODS_3_010,0.0,5.801,0.9674,6,6,6.0,12.0,0.0,1,0.0,60.0,60.0
adaptive_baseline,point_forecast_order,CA_1,FOODS_3_011,88.0,24.3011,0.9674,0,88,41.0,0.0,47.0,0,47.0,0.0,47.0
adaptive_baseline,newsvendor_adjusted_order,CA_1,FOODS_3_011,88.0,24.3011,0.9674,24,112,41.0,0.0,71.0,0,71.0,0.0,71.0
adaptive_baseline,point_forecast_order,CA_1,FOODS_3_012,112.0,18.0803,0.9674,0,112,56.0,0.0,56.0,0,56.0,0.0,56.0
adaptive_baseline,newsvendor_adjusted_order,CA_1,FOODS_3_012,112.0,18.0803,0.9674,18,130,56.0,0.0,74.0,0,74.0,0.0,74.0
adaptive_baseline,point_forecast_order,CA_1,FOODS_3_013,0.0,30.4405,0.9674,0,0,0.0,94.0,0.0,1,0.0,470.0,470.0
adaptive_baseline,newsvendor_adjusted_order,CA_1,FOODS_3_013,0.0,30.4405,0.9674,30,30,30.0,64.0,0.0,1,0.0,320.0,320.0
adaptive_baseline,point_forecast_order,CA_1,FOODS_3_014,0.0,13.0318,0.9674,0,0,0.0,31.0,0.0,1,0.0,155.0,155.0
adaptive_baseline,newsvendor_adjusted_order,CA_1,FOODS_3_014,0.0,13.0318,0.9674,13,13,13.0,18.0,0.0,1,0.0,90.0,90.0
adaptive_baseline,point_forecast_order,CA_1,FOODS_3_015,0.0,41.5996,0.9674,0,0,0.0,41.0,0.0,1,0.0,205.0,205.0
adaptive_baseline,newsvendor_adjusted_order,CA_1,FOODS_3_015,0.0,41.5996,0.9674,41,41,41.0,0.0,0.0,0,0.0,0.0,0.0
adaptive_baseline,point_forecast_order,CA_1,FOODS_3_016,87.0,25.3541,0.9674,0,87,87.0,7.0,0.0,1,0.0,35.0,35.0
adaptive_baseline,newsvendor_adjusted_order,CA_1,FOODS_3_016,87.0,25.3541,0.9674,25,112,94.0,0.0,18.0,0,18.0,0.0,18.0
adaptive_baseline,point_forecast_order,CA_1,FOODS_3_017,0.0,2.4302,0.9674,0,0,0.0,3.0,0.0,1,0.0,15.0,15.0
adaptive_baseline,newsvendor_adjusted_order,CA_1,FOODS_3_017,0.0,2.4302,0.9674,3,3,3.0,0.0,0.0,0,0.0,0.0,0.0
adaptive_baseline,point_forecast_order,CA_1,FOODS_3_018,48.0,15.9651,0.9674,0,48,48.0,4.0,0.0,1,0.0,20.0,20.0
adaptive_baseline,newsvendor_adjusted_order,CA_1,FOODS_3_018,48.0,15.9651,0.9674,16,64,52.0,0.0,12.0,0,12.0,0.0,12.0
adaptive_baseline,point_forecast_order,CA_1,FOODS_3_019,29.0,7.063,0.9674,0,30,30.0,41.0,0.0,1,0.0,205.0,205.0
adaptive_baseline,newsvendor_adjusted_order,CA_1,FOODS_3_019,29.0,7.063,0.9674,6,36,36.0,35.0,0.0,1,0.0,175.0,175.0
adaptive_baseline,point_forecast_order,CA_1,FOODS_3_020,293.0,135.8334,0.9674,0,293,284.0,0.0,9.0,0,9.0,0.0,9.0
adaptive_baseline,newsvendor_adjusted_order,CA_1,FOODS_3_020,293.0,135.8334,0.9674,132,425,284.0,0.0,141.0,0,141.0,0.0,141.0
adaptive_baseline,point_forecast_order,CA_1,FOODS_3_021,16.0,9.9041,0.9674,0,16,16.0,25.0,0.0,1,0.0,125.0,125.0
adaptive_baseline,newsvendor_adjusted_order,CA_1,FOODS_3_021,16.0,9.9041,0.9674,10,26,26.0,15.0,0.0,1,0.0,75.0,75.0
adaptive_baseline,point_forecast_order,CA_1,FOODS_3_022,0.0,3.4998,0.9674,0,0,0.0,10.0,0.0,1,0.0,50.0,50.0
adaptive_baseline,newsvendor_adjusted_order,CA_1,FOODS_3_022,0.0,3.4998,0.9674,4,4,4.0,6.0,0.0,1,0.0,30.0,30.0
adaptive_baseline,point_forecast_order,CA_1,FOODS_3_023,53.0,7.8386,0.9674,0,53,50.0,0.0,3.0,0,3.0,0.0,3.0
adaptive_baseline,newsvendor_adjusted_order,CA_1,FOODS_3_023,53.0,7.8386,0.9674,8,61,50.0,0.0,11.0,0,11.0,0.0,11.0
adaptive_baseline,point_forecast_order,CA_1,FOODS_3_024,0.0,143.1361,0.9674,0,0,0.0,0.0,0.0,0,0.0,0.0,0.0
adaptive_baseline,newsvendor_adjusted_order,CA_1,FOODS_3_024,0.0,143.1361,0.9674,139,139,0.0,0.0,139.0,0,139.0,0.0,139.0
adaptive_baseline,point_forecast_order,CA_1,FOODS_3_025,0.0,8.9134,0.9674,0,0,0.0,41.0,0.0,1,0.0,205.0,205.0
adaptive_baseline,newsvendor_adjusted_order,CA_1,FOODS_3_025,0.0,8.9134,0.9674,9,9,9.0,32.0,0.0,1,0.0,160.0,160.0
adaptive_baseline,point_forecast_order,CA_1,FOODS_3_026,68.0,8.5001,0.9674,0,68,58.0,0.0,10.0,0,10.0,0.0,10.0
adaptive_baseline,newsvendor_adjusted_order,CA_1,FOODS_3_026,68.0,8.5001,0.9674,9,77,58.0,0.0,19.0,0,19.0,0.0,19.0
adaptive_baseline,point_forecast_order,CA_1,FOODS_3_027,0.0,9.9898,0.9674,0,0,0.0,15.0,0.0,1,0.0,75.0,75.0
adaptive_baseline,newsvendor_adjusted_order,CA_1,FOODS_3_027,0.0,9.9898,0.9674,10,10,10.0,5.0,0.0,1,0.0,25.0,25.0
adaptive_baseline,point_forecast_order,CA_1,FOODS_3_028,60.0,7.0564,0.9674,0,60,38.0,0.0,22.0,0,22.0,0.0,22.0
adaptive_baseline,newsvendor_adjusted_order,CA_1,FOODS_3_028,60.0,7.0564,0.9674,7,67,38.0,0.0,29.0,0,29.0,0.0,29.0
adaptive_baseline,point_forecast_order,CA_1,FOODS_3_029,28.0,10.9493,0.9674,0,28,26.0,0.0,2.0,0,2.0,0.0,2.0
adaptive_baseline,newsvendor_adjusted_order,CA_1,FOODS_3_029,28.0,10.9493,0.9674,11,39,26.0,0.0,13.0,0,13.0,0.0,13.0
adaptive_baseline,point_forecast_order,CA_1,FOODS_3_030,237.0,103.5872,0.9674,0,237,205.0,0.0,32.0,0,32.0,0.0,32.0
adaptive_baseline,newsvendor_adjusted_order,CA_1,FOODS_3_030,237.0,103.5872,0.9674,101,338,205.0,0.0,133.0,0,133.0,0.0,133.0
adaptive_baseline,point_forecast_order,CA_1,FOODS_3_031,41.0,6.8015,0.9674,0,41,29.0,0.0,12.0,0,12.0,0.0,12.0
adaptive_baseline,newsvendor_adjusted_order,CA_1,FOODS_3_031,41.0,6.8015,0.9674,7,48,29.0,0.0,19.0,0,19.0,0.0,19.0
adaptive_baseline,point_forecast_order,CA_1,FOODS_3_032,36.0,9.3944,0.9674,0,36,27.0,0.0,9.0,0,9.0,0.0,9.0
adaptive_baseline,newsvendor_adjusted_order,CA_1,FOODS_3_032,36.0,9.3944,0.9674,10,46,27.0,0.0,19.0,0,19.0,0.0,19.0
adaptive_baseline,point_forecast_order,CA_1,FOODS_3_033,0.0,5.3869,0.9674,0,0,0.0,10.0,0.0,1,0.0,50.0,50.0
adaptive_baseline,newsvendor_adjusted_order,CA_1,FOODS_3_033,0.0,5.3869,0.9674,6,6,6.0,4.0,0.0,1,0.0,20.0,20.0
adaptive_baseline,point_forecast_order,CA_1,FOODS_3_034,52.0,11.788,0.9674,0,52,52.0,17.0,0.0,1,0.0,85.0,85.0
adaptive_baseline,newsvendor_adjusted_order,CA_1,FOODS_3_034,52.0,11.788,0.9674,12,64,64.0,5.0,0.0,1,0.0,25.0,25.0
adaptive_baseline,point_forecast_order,CA_1,FOODS_3_035,38.0,6.7218,0.9674,0,38,28.0,0.0,10.0,0,10.0,0.0,10.0
adaptive_baseline,newsvendor_adjusted_order,CA_1,FOODS_3_035,38.0,6.7218,0.9674,7,45,28.0,0.0,17.0,0,17.0,0.0,17.0
adaptive_baseline,point_forecast_order,CA_1,FOODS_3_036,0.0,10.9639,0.9674,0,0,0.0,19.0,0.0,1,0.0,95.0,95.0
adaptive_baseline,newsvendor_adjusted_order,CA_1,FOODS_3_036,0.0,10.9639,0.9674,11,11,11.0,8.0,0.0,1,0.0,40.0,40.0
adaptive_baseline,point_forecast_order,CA_1,FOODS_3_037,195.0,84.8492,0.9674,0,195,195.0,2.0,0.0,1,0.0,10.0,10.0
adaptive_baseline,newsvendor_adjusted_order,CA_1,FOODS_3_037,195.0,84.8492,0.9674,83,278,197.0,0.0,81.0,0,81.0,0.0,81.0
adaptive_baseline,point_forecast_order,CA_1,FOODS_3_038,0.0,7.2221,0.9674,0,0,0.0,25.0,0.0,1,0.0,125.0,125.0
adaptive_baseline,newsvendor_adjusted_order,CA_1,FOODS_3_038,0.0,7.2221,0.9674,7,7,7.0,18.0,0.0,1,0.0,90.0,90.0
adaptive_baseline,point_forecast_order,CA_1,FOODS_3_039,188.0,66.6762,0.9674,0,188,173.0,0.0,15.0,0,15.0,0.0,15.0
adaptive_baseline,newsvendor_adjusted_order,CA_1,FOODS_3_039,188.0,66.6762,0.9674,65,253,173.0,0.0,80.0,0,80.0,0.0,80.0
adaptive_baseline,point_forecast_order,CA_1,FOODS_3_040,16.0,13.0333,0.9674,0,16,16.0,9.0,0.0,1,0.0,45.0,45.0
adaptive_baseline,newsvendor_adjusted_order,CA_1,FOODS_3_040,16.0,13.0333,0.9674,13,29,25.0,0.0,4.0,0,4.0,0.0,4.0
adaptive_baseline,point_forecast_order,CA_1,FOODS_3_041,131.0,33.85,0.9674,0,131,131.0,8.0,0.0,1,0.0,40.0,40.0
adaptive_baseline,newsvendor_adjusted_order,CA_1,FOODS_3_041,131.0,33.85,0.9674,33,164,139.0,0.0,25.0,0,25.0,0.0,25.0
adaptive_baseline,point_forecast_order,CA_1,FOODS_3_042,75.0,15.0905,0.9674,0,75,75.0,12.0,0.0,1,0.0,60.0,60.0
adaptive_baseline,newsvendor_adjusted_order,CA_1,FOODS_3_042,75.0,15.0905,0.9674,15,90,87.0,0.0,3.0,0,3.0,0.0,3.0
adaptive_baseline,point_forecast_order,CA_1,FOODS_3_043,168.0,23.7351,0.9674,0,168,46.0,0.0,122.0,0,122.0,0.0,122.0
adaptive_baseline,newsvendor_adjusted_order,CA_1,FOODS_3_043,168.0,23.7351,0.9674,23,191,46.0,0.0,145.0,0,145.0,0.0,145.0
adaptive_baseline,point_forecast_order,CA_1,FOODS_3_044,0.0,6.9995,0.9674,0,0,0.0,14.0,0.0,1,0.0,70.0,70.0
adaptive_baseline,newsvendor_adjusted_order,CA_1,FOODS_3_044,0.0,6.9995,0.9674,7,7,7.0,7.0,0.0,1,0.0,35.0,35.0
adaptive_baseline,point_forecast_order,CA_1,FOODS_3_045,0.0,3.5572,0.9674,0,0,0.0,7.0,0.0,1,0.0,35.0,35.0
adaptive_baseline,newsvendor_adjusted_order,CA_1,FOODS_3_045,0.0,3.5572,0.9674,4,4,4.0,3.0,0.0,1,0.0,15.0,15.0
adaptive_baseline,point_forecast_order,CA_1,FOODS_3_046,34.0,15.8125,0.9674,0,34,34.0,6.0,0.0,1,0.0,30.0,30.0
adaptive_baseline,newsvendor_adjusted_order,CA_1,FOODS_3_046,34.0,15.8125,0.9674,16,50,40.0,0.0,10.0,0,10.0,0.0,10.0
adaptive_baseline,point_forecast_order,CA_1,FOODS_3_047,0.0,13.5191,0.9674,0,0,0.0,29.0,0.0,1,0.0,145.0,145.0
adaptive_baseline,newsvendor_adjusted_order,CA_1,FOODS_3_047,0.0,13.5191,0.9674,14,14,14.0,15.0,0.0,1,0.0,75.0,75.0
adaptive_baseline,point_forecast_order,CA_1,FOODS_3_048,32.0,10.435,0.9674,0,32,32.0,14.0,0.0,1,0.0,70.0,70.0
adaptive_baseline,newsvendor_adjusted_order,CA_1,FOODS_3_048,32.0,10.435,0.9674,11,43,43.0,3.0,0.0,1,0.0,15.0,15.0
adaptive_baseline,point_forecast_order,CA_1,FOODS_3_049,25.0,7.0331,0.9674,0,25,24.0,0.0,1.0,0,1.0,0.0,1.0
adaptive_baseline,newsvendor_adjusted_order,CA_1,FOODS_3_049,25.0,7.0331,0.9674,7,32,24.0,0.0,8.0,0,8.0,0.0,8.0
adaptive_baseline,point_forecast_order,CA_1,FOODS_3_050,0.0,4.1519,0.9674,0,0,0.0,2.0,0.0,1,0.0,10.0,10.0
adaptive_baseline,newsvendor_adjusted_order,CA_1,FOODS_3_050,0.0,4.1519,0.9674,5,5,2.0,0.0,3.0,0,3.0,0.0,3.0
adaptive_baseline,point_forecast_order,TX_1,FOODS_3_001,0.0,0.876,0.9674,0,0,0.0,2.0,0.0,1,0.0,10.0,10.0
adaptive_baseline,newsvendor_adjusted_order,TX_1,FOODS_3_001,0.0,0.876,0.9674,1,1,1.0,1.0,0.0,1,0.0,5.0,5.0
adaptive_baseline,point_forecast_order,TX_1,FOODS_3_002,0.0,12.695,0.9674,0,0,0.0,28.0,0.0,1,0.0,140.0,140.0
adaptive_baseline,newsvendor_adjusted_order,TX_1,FOODS_3_002,0.0,12.695,0.9674,13,13,13.0,15.0,0.0,1,0.0,75.0,75.0
adaptive_baseline,point_forecast_order,TX_1,FOODS_3_003,0.0,9.1022,0.9674,0,0,0.0,8.0,0.0,1,0.0,40.0,40.0
adaptive_baseline,newsvendor_adjusted_order,TX_1,FOODS_3_003,0.0,9.1022,0.9674,9,9,8.0,0.0,1.0,0,1.0,0.0,1.0
adaptive_baseline,point_forecast_order,TX_1,FOODS_3_004,0.0,1.8893,0.9674,0,0,0.0,3.0,0.0,1,0.0,15.0,15.0
adaptive_baseline,newsvendor_adjusted_order,TX_1,FOODS_3_004,0.0,1.8893,0.9674,2,2,2.0,1.0,0.0,1,0.0,5.0,5.0
adaptive_baseline,point_forecast_order,TX_1,FOODS_3_005,46.0,9.4408,0.9674,0,46,35.0,0.0,11.0,0,11.0,0.0,11.0
adaptive_baseline,newsvendor_adjusted_order,TX_1,FOODS_3_005,46.0,9.4408,0.9674,10,56,35.0,0.0,21.0,0,21.0,0.0,21.0
adaptive_baseline,point_forecast_order,TX_1,FOODS_3_006,27.0,7.2673,0.9674,0,28,18.0,0.0,10.0,0,10.0,0.0,10.0
adaptive_baseline,newsvendor_adjusted_order,TX_1,FOODS_3_006,27.0,7.2673,0.9674,7,35,18.0,0.0,17.0,0,17.0,0.0,17.0
adaptive_baseline,point_forecast_order,TX_1,FOODS_3_007,0.0,74.4041,0.9674,0,0,0.0,43.0,0.0,1,0.0,215.0,215.0
adaptive_baseline,newsvendor_adjusted_order,TX_1,FOODS_3_007,0.0,74.4041,0.9674,72,72,43.0,0.0,29.0,0,29.0,0.0,29.0
adaptive_baseline,point_forecast_order,TX_1,FOODS_3_008,0.0,170.4077,0.9674,0,0,0.0,51.0,0.0,1,0.0,255.0,255.0
adaptive_baseline,newsvendor_adjusted_order,TX_1,FOODS_3_008,0.0,170.4077,0.9674,165,165,51.0,0.0,114.0,0,114.0,0.0,114.0
adaptive_baseline,point_forecast_order,TX_1,FOODS_3_009,0.0,9.3851,0.9674,0,0,0.0,7.0,0.0,1,0.0,35.0,35.0
adaptive_baseline,newsvendor_adjusted_order,TX_1,FOODS_3_009,0.0,9.3851,0.9674,10,10,7.0,0.0,3.0,0,3.0,0.0,3.0
adaptive_baseline,point_forecast_order,TX_1,FOODS_3_010,0.0,3.9332,0.9674,0,0,0.0,8.0,0.0,1,0.0,40.0,40.0
adaptive_baseline,newsvendor_adjusted_order,TX_1,FOODS_3_010,0.0,3.9332,0.9674,4,4,4.0,4.0,0.0,1,0.0,20.0,20.0
adaptive_baseline,point_forecast_order,TX_1,FOODS_3_011,0.0,5.3781,0.9674,0,0,0.0,11.0,0.0,1,0.0,55.0,55.0
adaptive_baseline,newsvendor_adjusted_order,TX_1,FOODS_3_011,0.0,5.3781,0.9674,6,6,6.0,5.0,0.0,1,0.0,25.0,25.0
adaptive_baseline,point_forecast_order,TX_1,FOODS_3_012,0.0,8.6062,0.9674,0,0,0.0,4.0,0.0,1,0.0,20.0,20.0
adaptive_baseline,newsvendor_adjusted_order,TX_1,FOODS_3_012,0.0,8.6062,0.9674,9,9,4.0,0.0,5.0,0,5.0,0.0,5.0
adaptive_baseline,point_forecast_order,TX_1,FOODS_3_013,0.0,6.6475,0.9674,0,0,0.0,10.0,0.0,1,0.0,50.0,50.0
adaptive_baseline,newsvendor_adjusted_order,TX_1,FOODS_3_013,0.0,6.6475,0.9674,7,7,7.0,3.0,0.0,1,0.0,15.0,15.0
adaptive_baseline,point_forecast_order,TX_1,FOODS_3_014,0.0,3.4233,0.9674,0,0,0.0,4.0,0.0,1,0.0,20.0,20.0
adaptive_baseline,newsvendor_adjusted_order,TX_1,FOODS_3_014,0.0,3.4233,0.9674,4,4,4.0,0.0,0.0,0,0.0,0.0,0.0
adaptive_baseline,point_forecast_order,TX_1,FOODS_3_015,0.0,8.4129,0.9674,0,0,0.0,39.0,0.0,1,0.0,195.0,195.0
adaptive_baseline,newsvendor_adjusted_order,TX_1,FOODS_3_015,0.0,8.4129,0.9674,9,9,9.0,30.0,0.0,1,0.0,150.0,150.0
adaptive_baseline,point_forecast_order,TX_1,FOODS_3_016,0.0,4.7787,0.9674,0,0,0.0,12.0,0.0,1,0.0,60.0,60.0
adaptive_baseline,newsvendor_adjusted_order,TX_1,FOODS_3_016,0.0,4.7787,0.9674,5,5,5.0,7.0,0.0,1,0.0,35.0,35.0
adaptive_baseline,point_forecast_order,TX_1,FOODS_3_017,8.0,4.2624,0.9674,0,8,5.0,0.0,3.0,0,3.0,0.0,3.0
adaptive_baseline,newsvendor_adjusted_order,TX_1,FOODS_3_017,8.0,4.2624,0.9674,5,13,5.0,0.0,8.0,0,8.0,0.0,8.0
adaptive_baseline,point_forecast_order,TX_1,FOODS_3_018,0.0,5.2788,0.9674,0,0,0.0,10.0,0.0,1,0.0,50.0,50.0
adaptive_baseline,newsvendor_adjusted_order,TX_1,FOODS_3_018,0.0,5.2788,0.9674,6,6,6.0,4.0,0.0,1,0.0,20.0,20.0
adaptive_baseline,point_forecast_order,TX_1,FOODS_3_019,0.0,2.9551,0.9674,0,0,0.0,15.0,0.0,1,0.0,75.0,75.0
adaptive_baseline,newsvendor_adjusted_order,TX_1,FOODS_3_019,0.0,2.9551,0.9674,3,3,3.0,12.0,0.0,1,0.0,60.0,60.0
adaptive_baseline,point_forecast_order,TX_1,FOODS_3_020,12.0,42.4094,0.9674,0,12,12.0,52.0,0.0,1,0.0,260.0,260.0
adaptive_baseline,newsvendor_adjusted_order,TX_1,FOODS_3_020,12.0,42.4094,0.9674,42,54,54.0,10.0,0.0,1,0.0,50.0,50.0
adaptive_baseline,point_forecast_order,TX_1,FOODS_3_021,36.0,20.2748,0.9674,0,36,18.0,0.0,18.0,0,18.0,0.0,18.0
adaptive_baseline,newsvendor_adjusted_order,TX_1,FOODS_3_021,36.0,20.2748,0.9674,20,56,18.0,0.0,38.0,0,38.0,0.0,38.0
adaptive_baseline,point_forecast_order,TX_1,FOODS_3_022,0.0,7.2243,0.9674,0,0,0.0,10.0,0.0,1,0.0,50.0,50.0
adaptive_baseline,newsvendor_adjusted_order,TX_1,FOODS_3_022,0.0,7.2243,0.9674,7,7,7.0,3.0,0.0,1,0.0,15.0,15.0
adaptive_baseline,point_forecast_order,TX_1,FOODS_3_023,0.0,8.7578,0.9674,0,0,0.0,21.0,0.0,1,0.0,105.0,105.0
adaptive_baseline,newsvendor_adjusted_order,TX_1,FOODS_3_023,0.0,8.7578,0.9674,9,9,9.0,12.0,0.0,1,0.0,60.0,60.0
adaptive_baseline,point_forecast_order,TX_1,FOODS_3_024,0.0,31.387,0.9674,0,0,0.0,0.0,0.0,0,0.0,0.0,0.0
adaptive_baseline,newsvendor_adjusted_order,TX_1,FOODS_3_024,0.0,31.387,0.9674,31,31,0.0,0.0,31.0,0,31.0,0.0,31.0
adaptive_baseline,point_forecast_order,TX_1,FOODS_3_025,40.0,10.6661,0.9674,0,40,35.0,0.0,5.0,0,5.0,0.0,5.0
adaptive_baseline,newsvendor_adjusted_order,TX_1,FOODS_3_025,40.0,10.6661,0.9674,11,51,35.0,0.0,16.0,0,16.0,0.0,16.0
adaptive_baseline,point_forecast_order,TX_1,FOODS_3_026,30.0,10.0222,0.9674,0,30,30.0,5.0,0.0,1,0.0,25.0,25.0
adaptive_baseline,newsvendor_adjusted_order,TX_1,FOODS_3_026,30.0,10.0222,0.9674,10,40,35.0,0.0,5.0,0,5.0,0.0,5.0
adaptive_baseline,point_forecast_order,TX_1,FOODS_3_027,0.0,7.7882,0.9674,0,0,0.0,15.0,0.0,1,0.0,75.0,75.0
adaptive_baseline,newsvendor_adjusted_order,TX_1,FOODS_3_027,0.0,7.7882,0.9674,8,8,8.0,7.0,0.0,1,0.0,35.0,35.0
adaptive_baseline,point_forecast_order,TX_1,FOODS_3_028,0.0,5.7703,0.9674,0,0,0.0,21.0,0.0,1,0.0,105.0,105.0
adaptive_baseline,newsvendor_adjusted_order,TX_1,FOODS_3_028,0.0,5.7703,0.9674,6,6,6.0,15.0,0.0,1,0.0,75.0,75.0
adaptive_baseline,point_forecast_order,TX_1,FOODS_3_029,0.0,11.4322,0.9674,0,0,0.0,13.0,0.0,1,0.0,65.0,65.0
adaptive_baseline,newsvendor_adjusted_order,TX_1,FOODS_3_029,0.0,11.4322,0.9674,12,12,12.0,1.0,0.0,1,0.0,5.0,5.0
adaptive_baseline,point_forecast_order,TX_1,FOODS_3_030,288.0,106.2159,0.9674,0,288,288.0,44.0,0.0,1,0.0,220.0,220.0
adaptive_baseline,newsvendor_adjusted_order,TX_1,FOODS_3_030,288.0,106.2159,0.9674,103,391,332.0,0.0,59.0,0,59.0,0.0,59.0
adaptive_baseline,point_forecast_order,TX_1,FOODS_3_031,0.0,5.7215,0.9674,0,0,0.0,30.0,0.0,1,0.0,150.0,150.0
adaptive_baseline,newsvendor_adjusted_order,TX_1,FOODS_3_031,0.0,5.7215,0.9674,6,6,6.0,24.0,0.0,1,0.0,120.0,120.0
adaptive_baseline,point_forecast_order,TX_1,FOODS_3_032,46.0,7.715,0.9674,0,46,31.0,0.0,15.0,0,15.0,0.0,15.0
adaptive_baseline,newsvendor_adjusted_order,TX_1,FOODS_3_032,46.0,7.715,0.9674,8,54,31.0,0.0,23.0,0,23.0,0.0,23.0
adaptive_baseline,point_forecast_order,TX_1,FOODS_3_033,0.0,4.4757,0.9674,0,0,0.0,7.0,0.0,1,0.0,35.0,35.0
adaptive_baseline,newsvendor_adjusted_order,TX_1,FOODS_3_033,0.0,4.4757,0.9674,5,5,5.0,2.0,0.0,1,0.0,10.0,10.0
adaptive_baseline,point_forecast_order,TX_1,FOODS_3_034,16.0,17.6247,0.9674,0,16,16.0,18.0,0.0,1,0.0,90.0,90.0
adaptive_baseline,newsvendor_adjusted_order,TX_1,FOODS_3_034,16.0,17.6247,0.9674,18,34,34.0,0.0,0.0,0,0.0,0.0,0.0
adaptive_baseline,point_forecast_order,TX_1,FOODS_3_035,0.0,5.6037,0.9674,0,0,0.0,11.0,0.0,1,0.0,55.0,55.0
adaptive_baseline,newsvendor_adjusted_order,TX_1,FOODS_3_035,0.0,5.6037,0.9674,6,6,6.0,5.0,0.0,1,0.0,25.0,25.0
adaptive_baseline,point_forecast_order,TX_1,FOODS_3_036,0.0,2.7791,0.9674,0,0,0.0,2.0,0.0,1,0.0,10.0,10.0
adaptive_baseline,newsvendor_adjusted_order,TX_1,FOODS_3_036,0.0,2.7791,0.9674,3,3,2.0,0.0,1.0,0,1.0,0.0,1.0
adaptive_baseline,point_forecast_order,TX_1,FOODS_3_037,16.0,17.5537,0.9674,0,16,16.0,16.0,0.0,1,0.0,80.0,80.0
adaptive_baseline,newsvendor_adjusted_order,TX_1,FOODS_3_037,16.0,17.5537,0.9674,17,33,32.0,0.0,1.0,0,1.0,0.0,1.0
adaptive_baseline,point_forecast_order,TX_1,FOODS_3_038,0.0,3.4454,0.9674,0,0,0.0,4.0,0.0,1,0.0,20.0,20.0
adaptive_baseline,newsvendor_adjusted_order,TX_1,FOODS_3_038,0.0,3.4454,0.9674,4,4,4.0,0.0,0.0,0,0.0,0.0,0.0
adaptive_baseline,point_forecast_order,TX_1,FOODS_3_039,28.0,14.2686,0.9674,0,28,28.0,13.0,0.0,1,0.0,65.0,65.0
adaptive_baseline,newsvendor_adjusted_order,TX_1,FOODS_3_039,28.0,14.2686,0.9674,14,42,41.0,0.0,1.0,0,1.0,0.0,1.0
adaptive_baseline,point_forecast_order,TX_1,FOODS_3_040,0.0,3.8441,0.9674,0,0,0.0,3.0,0.0,1,0.0,15.0,15.0
adaptive_baseline,newsvendor_adjusted_order,TX_1,FOODS_3_040,0.0,3.8441,0.9674,4,4,3.0,0.0,1.0,0,1.0,0.0,1.0
adaptive_baseline,point_forecast_order,TX_1,FOODS_3_041,52.0,11.4145,0.9674,0,52,48.0,0.0,4.0,0,4.0,0.0,4.0
adaptive_baseline,newsvendor_adjusted_order,TX_1,FOODS_3_041,52.0,11.4145,0.9674,12,64,48.0,0.0,16.0,0,16.0,0.0,16.0
adaptive_baseline,point_forecast_order,TX_1,FOODS_3_042,56.0,30.4448,0.9674,0,56,56.0,40.0,0.0,1,0.0,200.0,200.0
adaptive_baseline,newsvendor_adjusted_order,TX_1,FOODS_3_042,56.0,30.4448,0.9674,30,86,86.0,10.0,0.0,1,0.0,50.0,50.0
adaptive_baseline,point_forecast_order,TX_1,FOODS_3_043,0.0,3.9742,0.9674,0,0,0.0,7.0,0.0,1,0.0,35.0,35.0
adaptive_baseline,newsvendor_adjusted_order,TX_1,FOODS_3_043,0.0,3.9742,0.9674,4,4,4.0,3.0,0.0,1,0.0,15.0,15.0
adaptive_baseline,point_forecast_order,TX_1,FOODS_3_044,0.0,4.0499,0.9674,0,0,0.0,5.0,0.0,1,0.0,25.0,25.0
adaptive_baseline,newsvendor_adjusted_order,TX_1,FOODS_3_044,0.0,4.0499,0.9674,4,4,4.0,1.0,0.0,1,0.0,5.0,5.0
adaptive_baseline,point_forecast_order,TX_1,FOODS_3_045,0.0,3.5992,0.9674,0,0,0.0,15.0,0.0,1,0.0,75.0,75.0
adaptive_baseline,newsvendor_adjusted_order,TX_1,FOODS_3_045,0.0,3.5992,0.9674,4,4,4.0,11.0,0.0,1,0.0,55.0,55.0
adaptive_baseline,point_forecast_order,TX_1,FOODS_3_046,0.0,2.0218,0.9674,0,0,0.0,2.0,0.0,1,0.0,10.0,10.0
adaptive_baseline,newsvendor_adjusted_order,TX_1,FOODS_3_046,0.0,2.0218,0.9674,2,2,2.0,0.0,0.0,0,0.0,0.0,0.0
adaptive_baseline,point_forecast_order,TX_1,FOODS_3_047,47.0,11.1449,0.9674,0,47,29.0,0.0,18.0,0,18.0,0.0,18.0
adaptive_baseline,newsvendor_adjusted_order,TX_1,FOODS_3_047,47.0,11.1449,0.9674,11,58,29.0,0.0,29.0,0,29.0,0.0,29.0
adaptive_baseline,point_forecast_order,TX_1,FOODS_3_048,28.0,12.9957,0.9674,0,28,28.0,24.0,0.0,1,0.0,120.0,120.0
adaptive_baseline,newsvendor_adjusted_order,TX_1,FOODS_3_048,28.0,12.9957,0.9674,13,41,41.0,11.0,0.0,1,0.0,55.0,55.0
adaptive_baseline,point_forecast_order,TX_1,FOODS_3_049,0.0,2.3931,0.9674,0,0,0.0,8.0,0.0,1,0.0,40.0,40.0
adaptive_baseline,newsvendor_adjusted_order,TX_1,FOODS_3_049,0.0,2.3931,0.9674,3,3,3.0,5.0,0.0,1,0.0,25.0,25.0
adaptive_baseline,point_forecast_order,TX_1,FOODS_3_050,0.0,2.082,0.9674,0,0,0.0,4.0,0.0,1,0.0,20.0,20.0
adaptive_baseline,newsvendor_adjusted_order,TX_1,FOODS_3_050,0.0,2.082,0.9674,3,3,3.0,1.0,0.0,1,0.0,5.0,5.0
adaptive_baseline,point_forecast_order,WI_1,FOODS_3_001,12.0,8.5612,0.9674,0,12,10.0,0.0,2.0,0,2.0,0.0,2.0
adaptive_baseline,newsvendor_adjusted_order,WI_1,FOODS_3_001,12.0,8.5612,0.9674,9,21,10.0,0.0,11.0,0,11.0,0.0,11.0
adaptive_baseline,point_forecast_order,WI_1,FOODS_3_002,0.0,93.5249,0.9674,0,0,0.0,111.0,0.0,1,0.0,555.0,555.0
adaptive_baseline,newsvendor_adjusted_order,WI_1,FOODS_3_002,0.0,93.5249,0.9674,91,91,91.0,20.0,0.0,1,0.0,100.0,100.0
adaptive_baseline,point_forecast_order,WI_1,FOODS_3_003,34.0,18.48,0.9674,0,34,30.0,0.0,4.0,0,4.0,0.0,4.0
adaptive_baseline,newsvendor_adjusted_order,WI_1,FOODS_3_003,34.0,18.48,0.9674,18,52,30.0,0.0,22.0,0,22.0,0.0,22.0
adaptive_baseline,point_forecast_order,WI_1,FOODS_3_004,0.0,5.3924,0.9674,0,0,0.0,10.0,0.0,1,0.0,50.0,50.0
adaptive_baseline,newsvendor_adjusted_order,WI_1,FOODS_3_004,0.0,5.3924,0.9674,6,6,6.0,4.0,0.0,1,0.0,20.0,20.0
adaptive_baseline,point_forecast_order,WI_1,FOODS_3_005,20.0,7.2522,0.9674,0,20,18.0,0.0,2.0,0,2.0,0.0,2.0
adaptive_baseline,newsvendor_adjusted_order,WI_1,FOODS_3_005,20.0,7.2522,0.9674,8,28,18.0,0.0,10.0,0,10.0,0.0,10.0
adaptive_baseline,point_forecast_order,WI_1,FOODS_3_006,32.0,11.3841,0.9674,0,32,27.0,0.0,5.0,0,5.0,0.0,5.0
adaptive_baseline,newsvendor_adjusted_order,WI_1,FOODS_3_006,32.0,11.3841,0.9674,12,44,27.0,0.0,17.0,0,17.0,0.0,17.0
adaptive_baseline,point_forecast_order,WI_1,FOODS_3_007,0.0,44.5861,0.9674,0,0,0.0,143.0,0.0,1,0.0,715.0,715.0
adaptive_baseline,newsvendor_adjusted_order,WI_1,FOODS_3_007,0.0,44.5861,0.9674,44,44,44.0,99.0,0.0,1,0.0,495.0,495.0
adaptive_baseline,point_forecast_order,WI_1,FOODS_3_008,0.0,98.5216,0.9674,0,0,0.0,125.0,0.0,1,0.0,625.0,625.0
adaptive_baseline,newsvendor_adjusted_order,WI_1,FOODS_3_008,0.0,98.5216,0.9674,96,96,96.0,29.0,0.0,1,0.0,145.0,145.0
adaptive_baseline,point_forecast_order,WI_1,FOODS_3_009,0.0,7.1623,0.9674,0,0,0.0,3.0,0.0,1,0.0,15.0,15.0
adaptive_baseline,newsvendor_adjusted_order,WI_1,FOODS_3_009,0.0,7.1623,0.9674,7,7,3.0,0.0,4.0,0,4.0,0.0,4.0
adaptive_baseline,point_forecast_order,WI_1,FOODS_3_010,0.0,16.7531,0.9674,0,0,0.0,49.0,0.0,1,0.0,245.0,245.0
adaptive_baseline,newsvendor_adjusted_order,WI_1,FOODS_3_010,0.0,16.7531,0.9674,17,17,17.0,32.0,0.0,1,0.0,160.0,160.0
adaptive_baseline,point_forecast_order,WI_1,FOODS_3_011,68.0,19.8241,0.9674,0,68,57.0,0.0,11.0,0,11.0,0.0,11.0
adaptive_baseline,newsvendor_adjusted_order,WI_1,FOODS_3_011,68.0,19.8241,0.9674,20,88,57.0,0.0,31.0,0,31.0,0.0,31.0
adaptive_baseline,point_forecast_order,WI_1,FOODS_3_012,0.0,15.3698,0.9674,0,0,0.0,25.0,0.0,1,0.0,125.0,125.0
adaptive_baseline,newsvendor_adjusted_order,WI_1,FOODS_3_012,0.0,15.3698,0.9674,15,15,15.0,10.0,0.0,1,0.0,50.0,50.0
adaptive_baseline,point_forecast_order,WI_1,FOODS_3_013,0.0,23.3165,0.9674,0,0,0.0,60.0,0.0,1,0.0,300.0,300.0
adaptive_baseline,newsvendor_adjusted_order,WI_1,FOODS_3_013,0.0,23.3165,0.9674,23,23,23.0,37.0,0.0,1,0.0,185.0,185.0
adaptive_baseline,point_forecast_order,WI_1,FOODS_3_014,0.0,8.4326,0.9674,0,0,0.0,23.0,0.0,1,0.0,115.0,115.0
adaptive_baseline,newsvendor_adjusted_order,WI_1,FOODS_3_014,0.0,8.4326,0.9674,9,9,9.0,14.0,0.0,1,0.0,70.0,70.0
adaptive_baseline,point_forecast_order,WI_1,FOODS_3_015,60.0,19.1949,0.9674,0,60,49.0,0.0,11.0,0,11.0,0.0,11.0
adaptive_baseline,newsvendor_adjusted_order,WI_1,FOODS_3_015,60.0,19.1949,0.9674,19,79,49.0,0.0,30.0,0,30.0,0.0,30.0
adaptive_baseline,point_forecast_order,WI_1,FOODS_3_016,44.0,9.3418,0.9674,0,44,44.0,2.0,0.0,1,0.0,10.0,10.0
adaptive_baseline,newsvendor_adjusted_order,WI_1,FOODS_3_016,44.0,9.3418,0.9674,10,54,46.0,0.0,8.0,0,8.0,0.0,8.0
adaptive_baseline,point_forecast_order,WI_1,FOODS_3_017,0.0,1.9325,0.9674,0,0,0.0,8.0,0.0,1,0.0,40.0,40.0
adaptive_baseline,newsvendor_adjusted_order,WI_1,FOODS_3_017,0.0,1.9325,0.9674,2,2,2.0,6.0,0.0,1,0.0,30.0,30.0
adaptive_baseline,point_forecast_order,WI_1,FOODS_3_018,0.0,7.6484,0.9674,0,0,0.0,15.0,0.0,1,0.0,75.0,75.0
adaptive_baseline,newsvendor_adjusted_order,WI_1,FOODS_3_018,0.0,7.6484,0.9674,8,8,8.0,7.0,0.0,1,0.0,35.0,35.0
adaptive_baseline,point_forecast_order,WI_1,FOODS_3_019,31.0,5.4243,0.9674,0,31,31.0,8.0,0.0,1,0.0,40.0,40.0
adaptive_baseline,newsvendor_adjusted_order,WI_1,FOODS_3_019,31.0,5.4243,0.9674,6,37,37.0,2.0,0.0,1,0.0,10.0,10.0
adaptive_baseline,point_forecast_order,WI_1,FOODS_3_020,107.0,50.3851,0.9674,0,108,108.0,23.0,0.0,1,0.0,115.0,115.0
adaptive_baseline,newsvendor_adjusted_order,WI_1,FOODS_3_020,107.0,50.3851,0.9674,48,156,131.0,0.0,25.0,0,25.0,0.0,25.0
adaptive_baseline,point_forecast_order,WI_1,FOODS_3_021,0.0,4.5532,0.9674,0,0,0.0,9.0,0.0,1,0.0,45.0,45.0
adaptive_baseline,newsvendor_adjusted_order,WI_1,FOODS_3_021,0.0,4.5532,0.9674,5,5,5.0,4.0,0.0,1,0.0,20.0,20.0
adaptive_baseline,point_forecast_order,WI_1,FOODS_3_022,0.0,3.6015,0.9674,0,0,0.0,10.0,0.0,1,0.0,50.0,50.0
adaptive_baseline,newsvendor_adjusted_order,WI_1,FOODS_3_022,0.0,3.6015,0.9674,4,4,4.0,6.0,0.0,1,0.0,30.0,30.0
adaptive_baseline,point_forecast_order,WI_1,FOODS_3_023,0.0,4.6545,0.9674,0,0,0.0,17.0,0.0,1,0.0,85.0,85.0
adaptive_baseline,newsvendor_adjusted_order,WI_1,FOODS_3_023,0.0,4.6545,0.9674,5,5,5.0,12.0,0.0,1,0.0,60.0,60.0
adaptive_baseline,point_forecast_order,WI_1,FOODS_3_024,0.0,74.6328,0.9674,0,0,0.0,0.0,0.0,0,0.0,0.0,0.0
adaptive_baseline,newsvendor_adjusted_order,WI_1,FOODS_3_024,0.0,74.6328,0.9674,73,73,0.0,0.0,73.0,0,73.0,0.0,73.0
adaptive_baseline,point_forecast_order,WI_1,FOODS_3_025,60.0,16.2832,0.9674,0,60,53.0,0.0,7.0,0,7.0,0.0,7.0
adaptive_baseline,newsvendor_adjusted_order,WI_1,FOODS_3_025,60.0,16.2832,0.9674,16,76,53.0,0.0,23.0,0,23.0,0.0,23.0
adaptive_baseline,point_forecast_order,WI_1,FOODS_3_026,35.0,7.6763,0.9674,0,35,33.0,0.0,2.0,0,2.0,0.0,2.0
adaptive_baseline,newsvendor_adjusted_order,WI_1,FOODS_3_026,35.0,7.6763,0.9674,8,43,33.0,0.0,10.0,0,10.0,0.0,10.0
adaptive_baseline,point_forecast_order,WI_1,FOODS_3_027,0.0,7.036,0.9674,0,0,0.0,23.0,0.0,1,0.0,115.0,115.0
adaptive_baseline,newsvendor_adjusted_order,WI_1,FOODS_3_027,0.0,7.036,0.9674,7,7,7.0,16.0,0.0,1,0.0,80.0,80.0
adaptive_baseline,point_forecast_order,WI_1,FOODS_3_028,40.0,4.675,0.9674,0,40,15.0,0.0,25.0,0,25.0,0.0,25.0
adaptive_baseline,newsvendor_adjusted_order,WI_1,FOODS_3_028,40.0,4.675,0.9674,5,45,15.0,0.0,30.0,0,30.0,0.0,30.0
adaptive_baseline,point_forecast_order,WI_1,FOODS_3_029,86.0,19.6666,0.9674,0,87,58.0,0.0,29.0,0,29.0,0.0,29.0
adaptive_baseline,newsvendor_adjusted_order,WI_1,FOODS_3_029,86.0,19.6666,0.9674,19,106,58.0,0.0,48.0,0,48.0,0.0,48.0
adaptive_baseline,point_forecast_order,WI_1,FOODS_3_030,192.0,66.8643,0.9674,0,192,185.0,0.0,7.0,0,7.0,0.0,7.0
adaptive_baseline,newsvendor_adjusted_order,WI_1,FOODS_3_030,192.0,66.8643,0.9674,65,257,185.0,0.0,72.0,0,72.0,0.0,72.0
adaptive_baseline,point_forecast_order,WI_1,FOODS_3_031,24.0,7.3588,0.9674,0,24,24.0,15.0,0.0,1,0.0,75.0,75.0
adaptive_baseline,newsvendor_adjusted_order,WI_1,FOODS_3_031,24.0,7.3588,0.9674,8,32,32.0,7.0,0.0,1,0.0,35.0,35.0
adaptive_baseline,point_forecast_order,WI_1,FOODS_3_032,41.0,10.3146,0.9674,0,41,31.0,0.0,10.0,0,10.0,0.0,10.0
adaptive_baseline,newsvendor_adjusted_order,WI_1,FOODS_3_032,41.0,10.3146,0.9674,10,51,31.0,0.0,20.0,0,20.0,0.0,20.0
adaptive_baseline,point_forecast_order,WI_1,FOODS_3_033,0.0,3.8208,0.9674,0,0,0.0,21.0,0.0,1,0.0,105.0,105.0
adaptive_baseline,newsvendor_adjusted_order,WI_1,FOODS_3_033,0.0,3.8208,0.9674,4,4,4.0,17.0,0.0,1,0.0,85.0,85.0
adaptive_baseline,point_forecast_order,WI_1,FOODS_3_034,0.0,7.9035,0.9674,0,0,0.0,20.0,0.0,1,0.0,100.0,100.0
adaptive_baseline,newsvendor_adjusted_order,WI_1,FOODS_3_034,0.0,7.9035,0.9674,8,8,8.0,12.0,0.0,1,0.0,60.0,60.0
adaptive_baseline,point_forecast_order,WI_1,FOODS_3_035,16.0,9.1901,0.9674,0,16,16.0,6.0,0.0,1,0.0,30.0,30.0
adaptive_baseline,newsvendor_adjusted_order,WI_1,FOODS_3_035,16.0,9.1901,0.9674,9,25,22.0,0.0,3.0,0,3.0,0.0,3.0
adaptive_baseline,point_forecast_order,WI_1,FOODS_3_036,0.0,5.9262,0.9674,0,0,0.0,12.0,0.0,1,0.0,60.0,60.0
adaptive_baseline,newsvendor_adjusted_order,WI_1,FOODS_3_036,0.0,5.9262,0.9674,6,6,6.0,6.0,0.0,1,0.0,30.0,30.0
adaptive_baseline,point_forecast_order,WI_1,FOODS_3_037,0.0,39.947,0.9674,0,0,0.0,67.0,0.0,1,0.0,335.0,335.0
adaptive_baseline,newsvendor_adjusted_order,WI_1,FOODS_3_037,0.0,39.947,0.9674,39,39,39.0,28.0,0.0,1,0.0,140.0,140.0
adaptive_baseline,point_forecast_order,WI_1,FOODS_3_038,36.0,14.2887,0.9674,0,36,21.0,0.0,15.0,0,15.0,0.0,15.0
adaptive_baseline,newsvendor_adjusted_order,WI_1,FOODS_3_038,36.0,14.2887,0.9674,14,50,21.0,0.0,29.0,0,29.0,0.0,29.0
adaptive_baseline,point_forecast_order,WI_1,FOODS_3_039,176.0,81.3346,0.9674,0,176,176.0,26.0,0.0,1,0.0,130.0,130.0
adaptive_baseline,newsvendor_adjusted_order,WI_1,FOODS_3_039,176.0,81.3346,0.9674,79,255,202.0,0.0,53.0,0,53.0,0.0,53.0
adaptive_baseline,point_forecast_order,WI_1,FOODS_3_040,49.0,19.2958,0.9674,0,49,48.0,0.0,1.0,0,1.0,0.0,1.0
adaptive_baseline,newsvendor_adjusted_order,WI_1,FOODS_3_040,49.0,19.2958,0.9674,19,68,48.0,0.0,20.0,0,20.0,0.0,20.0
adaptive_baseline,point_forecast_order,WI_1,FOODS_3_041,54.0,22.5759,0.9674,0,55,55.0,1.0,0.0,1,0.0,5.0,5.0
adaptive_baseline,newsvendor_adjusted_order,WI_1,FOODS_3_041,54.0,22.5759,0.9674,21,76,56.0,0.0,20.0,0,20.0,0.0,20.0
adaptive_baseline,point_forecast_order,WI_1,FOODS_3_042,428.0,39.9211,0.9674,0,428,428.0,16.0,0.0,1,0.0,80.0,80.0
adaptive_baseline,newsvendor_adjusted_order,WI_1,FOODS_3_042,428.0,39.9211,0.9674,39,467,444.0,0.0,23.0,0,23.0,0.0,23.0
adaptive_baseline,point_forecast_order,WI_1,FOODS_3_043,24.0,13.8372,0.9674,0,24,23.0,0.0,1.0,0,1.0,0.0,1.0
adaptive_baseline,newsvendor_adjusted_order,WI_1,FOODS_3_043,24.0,13.8372,0.9674,14,38,23.0,0.0,15.0,0,15.0,0.0,15.0
adaptive_baseline,point_forecast_order,WI_1,FOODS_3_044,53.0,20.9504,0.9674,0,53,35.0,0.0,18.0,0,18.0,0.0,18.0
adaptive_baseline,newsvendor_adjusted_order,WI_1,FOODS_3_044,53.0,20.9504,0.9674,21,74,35.0,0.0,39.0,0,39.0,0.0,39.0
adaptive_baseline,point_forecast_order,WI_1,FOODS_3_045,0.0,4.6649,0.9674,0,0,0.0,18.0,0.0,1,0.0,90.0,90.0
adaptive_baseline,newsvendor_adjusted_order,WI_1,FOODS_3_045,0.0,4.6649,0.9674,5,5,5.0,13.0,0.0,1,0.0,65.0,65.0
adaptive_baseline,point_forecast_order,WI_1,FOODS_3_046,34.0,8.4481,0.9674,0,34,34.0,15.0,0.0,1,0.0,75.0,75.0
adaptive_baseline,newsvendor_adjusted_order,WI_1,FOODS_3_046,34.0,8.4481,0.9674,9,43,43.0,6.0,0.0,1,0.0,30.0,30.0
adaptive_baseline,point_forecast_order,WI_1,FOODS_3_047,52.0,10.9094,0.9674,0,52,28.0,0.0,24.0,0,24.0,0.0,24.0
adaptive_baseline,newsvendor_adjusted_order,WI_1,FOODS_3_047,52.0,10.9094,0.9674,11,63,28.0,0.0,35.0,0,35.0,0.0,35.0
adaptive_baseline,point_forecast_order,WI_1,FOODS_3_048,109.0,33.9839,0.9674,0,109,98.0,0.0,11.0,0,11.0,0.0,11.0
adaptive_baseline,newsvendor_adjusted_order,WI_1,FOODS_3_048,109.0,33.9839,0.9674,33,142,98.0,0.0,44.0,0,44.0,0.0,44.0
adaptive_baseline,point_forecast_order,WI_1,FOODS_3_049,0.0,3.7685,0.9674,0,0,0.0,7.0,0.0,1,0.0,35.0,35.0
adaptive_baseline,newsvendor_adjusted_order,WI_1,FOODS_3_049,0.0,3.7685,0.9674,4,4,4.0,3.0,0.0,1,0.0,15.0,15.0
adaptive_baseline,point_forecast_order,WI_1,FOODS_3_050,0.0,3.1291,0.9674,0,0,0.0,6.0,0.0,1,0.0,30.0,30.0
adaptive_baseline,newsvendor_adjusted_order,WI_1,FOODS_3_050,0.0,3.1291,0.9674,4,4,4.0,2.0,0.0,1,0.0,10.0,10.0
hist_gradient_boosting,point_forecast_order,CA_1,FOODS_3_001,15.0125,9.973,0.9674,0,16,5.0,0.0,11.0,0,11.0,0.0,11.0
hist_gradient_boosting,newsvendor_adjusted_order,CA_1,FOODS_3_001,15.0125,9.973,0.9674,9,25,5.0,0.0,20.0,0,20.0,0.0,20.0
hist_gradient_boosting,point_forecast_order,CA_1,FOODS_3_002,33.0824,33.4861,0.9674,0,34,34.0,3.0,0.0,1,0.0,15.0,15.0
hist_gradient_boosting,newsvendor_adjusted_order,CA_1,FOODS_3_002,33.0824,33.4861,0.9674,32,66,37.0,0.0,29.0,0,29.0,0.0,29.0
hist_gradient_boosting,point_forecast_order,CA_1,FOODS_3_003,22.6687,16.7706,0.9674,0,23,15.0,0.0,8.0,0,8.0,0.0,8.0
hist_gradient_boosting,newsvendor_adjusted_order,CA_1,FOODS_3_003,22.6687,16.7706,0.9674,16,39,15.0,0.0,24.0,0,24.0,0.0,24.0
hist_gradient_boosting,point_forecast_order,CA_1,FOODS_3_004,26.5785,7.0569,0.9674,0,27,24.0,0.0,3.0,0,3.0,0.0,3.0
hist_gradient_boosting,newsvendor_adjusted_order,CA_1,FOODS_3_004,26.5785,7.0569,0.9674,7,34,24.0,0.0,10.0,0,10.0,0.0,10.0
hist_gradient_boosting,point_forecast_order,CA_1,FOODS_3_005,14.7079,5.6627,0.9674,0,15,15.0,1.0,0.0,1,0.0,5.0,5.0
hist_gradient_boosting,newsvendor_adjusted_order,CA_1,FOODS_3_005,14.7079,5.6627,0.9674,6,21,16.0,0.0,5.0,0,5.0,0.0,5.0
hist_gradient_boosting,point_forecast_order,CA_1,FOODS_3_006,13.4888,4.9844,0.9674,0,14,11.0,0.0,3.0,0,3.0,0.0,3.0
hist_gradient_boosting,newsvendor_adjusted_order,CA_1,FOODS_3_006,13.4888,4.9844,0.9674,5,19,11.0,0.0,8.0,0,8.0,0.0,8.0
hist_gradient_boosting,point_forecast_order,CA_1,FOODS_3_007,151.4111,68.4641,0.9674,0,152,52.0,0.0,100.0,0,100.0,0.0,100.0
hist_gradient_boosting,newsvendor_adjusted_order,CA_1,FOODS_3_007,151.4111,68.4641,0.9674,66,218,52.0,0.0,166.0,0,166.0,0.0,166.0
hist_gradient_boosting,point_forecast_order,CA_1,FOODS_3_008,37.6984,101.1057,0.9674,0,38,38.0,12.0,0.0,1,0.0,60.0,60.0
hist_gradient_boosting,newsvendor_adjusted_order,CA_1,FOODS_3_008,37.6984,101.1057,0.9674,98,136,50.0,0.0,86.0,0,86.0,0.0,86.0
hist_gradient_boosting,point_forecast_order,CA_1,FOODS_3_009,14.8417,7.5833,0.9674,0,15,10.0,0.0,5.0,0,5.0,0.0,5.0
hist_gradient_boosting,newsvendor_adjusted_order,CA_1,FOODS_3_009,14.8417,7.5833,0.9674,8,23,10.0,0.0,13.0,0,13.0,0.0,13.0
hist_gradient_boosting,point_forecast_order,CA_1,FOODS_3_010,24.1869,5.801,0.9674,0,25,18.0,0.0,7.0,0,7.0,0.0,7.0
hist_gradient_boosting,newsvendor_adjusted_order,CA_1,FOODS_3_010,24.1869,5.801,0.9674,5,30,18.0,0.0,12.0,0,12.0,0.0,12.0
hist_gradient_boosting,point_forecast_order,CA_1,FOODS_3_011,77.5664,24.3011,0.9674,0,78,41.0,0.0,37.0,0,37.0,0.0,37.0
hist_gradient_boosting,newsvendor_adjusted_order,CA_1,FOODS_3_011,77.5664,24.3011,0.9674,24,102,41.0,0.0,61.0,0,61.0,0.0,61.0
hist_gradient_boosting,point_forecast_order,CA_1,FOODS_3_012,60.672,18.0803,0.9674,0,61,56.0,0.0,5.0,0,5.0,0.0,5.0
hist_gradient_boosting,newsvendor_adjusted_order,CA_1,FOODS_3_012,60.672,18.0803,0.9674,18,79,56.0,0.0,23.0,0,23.0,0.0,23.0
hist_gradient_boosting,point_forecast_order,CA_1,FOODS_3_013,78.9084,30.4405,0.9674,0,79,79.0,15.0,0.0,1,0.0,75.0,75.0
hist_gradient_boosting,newsvendor_adjusted_order,CA_1,FOODS_3_013,78.9084,30.4405,0.9674,30,109,94.0,0.0,15.0,0,15.0,0.0,15.0
hist_gradient_boosting,point_forecast_order,CA_1,FOODS_3_014,24.1603,13.0318,0.9674,0,25,25.0,6.0,0.0,1,0.0,30.0,30.0
hist_gradient_boosting,newsvendor_adjusted_order,CA_1,FOODS_3_014,24.1603,13.0318,0.9674,12,37,31.0,0.0,6.0,0,6.0,0.0,6.0
hist_gradient_boosting,point_forecast_order,CA_1,FOODS_3_015,49.3666,41.5996,0.9674,0,50,41.0,0.0,9.0,0,9.0,0.0,9.0
hist_gradient_boosting,newsvendor_adjusted_order,CA_1,FOODS_3_015,49.3666,41.5996,0.9674,40,90,41.0,0.0,49.0,0,49.0,0.0,49.0
hist_gradient_boosting,point_forecast_order,CA_1,FOODS_3_016,73.5464,25.3541,0.9674,0,74,74.0,20.0,0.0,1,0.0,100.0,100.0
hist_gradient_boosting,newsvendor_adjusted_order,CA_1,FOODS_3_016,73.5464,25.3541,0.9674,25,99,94.0,0.0,5.0,0,5.0,0.0,5.0
hist_gradient_boosting,point_forecast_order,CA_1,FOODS_3_017,4.6592,2.4302,0.9674,0,5,3.0,0.0,2.0,0,2.0,0.0,2.0
hist_gradient_boosting,newsvendor_adjusted_order,CA_1,FOODS_3_017,4.6592,2.4302,0.9674,3,8,3.0,0.0,5.0,0,5.0,0.0,5.0
hist_gradient_boosting,point_forecast_order,CA_1,FOODS_3_018,39.9882,15.9651,0.9674,0,40,40.0,12.0,0.0,1,0.0,60.0,60.0
hist_gradient_boosting,newsvendor_adjusted_order,CA_1,FOODS_3_018,39.9882,15.9651,0.9674,16,56,52.0,0.0,4.0,0,4.0,0.0,4.0
hist_gradient_boosting,point_forecast_order,CA_1,FOODS_3_019,30.6453,7.063,0.9674,0,31,31.0,40.0,0.0,1,0.0,200.0,200.0
hist_gradient_boosting,newsvendor_adjusted_order,CA_1,FOODS_3_019,30.6453,7.063,0.9674,7,38,38.0,33.0,0.0,1,0.0,165.0,165.0
hist_gradient_boosting,point_forecast_order,CA_1,FOODS_3_020,291.9417,135.8334,0.9674,0,292,284.0,0.0,8.0,0,8.0,0.0,8.0
hist_gradient_boosting,newsvendor_adjusted_order,CA_1,FOODS_3_020,291.9417,135.8334,0.9674,132,424,284.0,0.0,140.0,0,140.0,0.0,140.0
hist_gradient_boosting,point_forecast_order,CA_1,FOODS_3_021,36.1377,9.9041,0.9674,0,37,37.0,4.0,0.0,1,0.0,20.0,20.0
hist_gradient_boosting,newsvendor_adjusted_order,CA_1,FOODS_3_021,36.1377,9.9041,0.9674,9,46,41.0,0.0,5.0,0,5.0,0.0,5.0
hist_gradient_boosting,point_forecast_order,CA_1,FOODS_3_022,6.5359,3.4998,0.9674,0,7,7.0,3.0,0.0,1,0.0,15.0,15.0
hist_gradient_boosting,newsvendor_adjusted_order,CA_1,FOODS_3_022,6.5359,3.4998,0.9674,3,10,10.0,0.0,0.0,0,0.0,0.0,0.0
hist_gradient_boosting,point_forecast_order,CA_1,FOODS_3_023,47.4286,7.8386,0.9674,0,48,48.0,2.0,0.0,1,0.0,10.0,10.0
hist_gradient_boosting,newsvendor_adjusted_order,CA_1,FOODS_3_023,47.4286,7.8386,0.9674,8,56,50.0,0.0,6.0,0,6.0,0.0,6.0
hist_gradient_boosting,point_forecast_order,CA_1,FOODS_3_024,48.9517,143.1361,0.9674,0,49,0.0,0.0,49.0,0,49.0,0.0,49.0
hist_gradient_boosting,newsvendor_adjusted_order,CA_1,FOODS_3_024,48.9517,143.1361,0.9674,139,188,0.0,0.0,188.0,0,188.0,0.0,188.0
hist_gradient_boosting,point_forecast_order,CA_1,FOODS_3_025,37.7439,8.9134,0.9674,0,38,38.0,3.0,0.0,1,0.0,15.0,15.0
hist_gradient_boosting,newsvendor_adjusted_order,CA_1,FOODS_3_025,37.7439,8.9134,0.9674,9,47,41.0,0.0,6.0,0,6.0,0.0,6.0
hist_gradient_boosting,point_forecast_order,CA_1,FOODS_3_026,59.7591,8.5001,0.9674,0,60,58.0,0.0,2.0,0,2.0,0.0,2.0
hist_gradient_boosting,newsvendor_adjusted_order,CA_1,FOODS_3_026,59.7591,8.5001,0.9674,8,68,58.0,0.0,10.0,0,10.0,0.0,10.0
hist_gradient_boosting,point_forecast_order,CA_1,FOODS_3_027,25.8061,9.9898,0.9674,0,26,15.0,0.0,11.0,0,11.0,0.0,11.0
hist_gradient_boosting,newsvendor_adjusted_order,CA_1,FOODS_3_027,25.8061,9.9898,0.9674,10,36,15.0,0.0,21.0,0,21.0,0.0,21.0
hist_gradient_boosting,point_forecast_order,CA_1,FOODS_3_028,45.2696,7.0564,0.9674,0,46,38.0,0.0,8.0,0,8.0,0.0,8.0
hist_gradient_boosting,newsvendor_adjusted_order,CA_1,FOODS_3_028,45.2696,7.0564,0.9674,7,53,38.0,0.0,15.0,0,15.0,0.0,15.0
hist_gradient_boosting,point_forecast_order,CA_1,FOODS_3_029,35.37,10.9493,0.9674,0,36,26.0,0.0,10.0,0,10.0,0.0,10.0
hist_gradient_boosting,newsvendor_adjusted_order,CA_1,FOODS_3_029,35.37,10.9493,0.9674,10,46,26.0,0.0,20.0,0,20.0,0.0,20.0
hist_gradient_boosting,point_forecast_order,CA_1,FOODS_3_030,239.1191,103.5872,0.9674,0,240,205.0,0.0,35.0,0,35.0,0.0,35.0
hist_gradient_boosting,newsvendor_adjusted_order,CA_1,FOODS_3_030,239.1191,103.5872,0.9674,100,340,205.0,0.0,135.0,0,135.0,0.0,135.0
hist_gradient_boosting,point_forecast_order,CA_1,FOODS_3_031,33.3034,6.8015,0.9674,0,34,29.0,0.0,5.0,0,5.0,0.0,5.0
hist_gradient_boosting,newsvendor_adjusted_order,CA_1,FOODS_3_031,33.3034,6.8015,0.9674,6,40,29.0,0.0,11.0,0,11.0,0.0,11.0
hist_gradient_boosting,point_forecast_order,CA_1,FOODS_3_032,39.7545,9.3944,0.9674,0,40,27.0,0.0,13.0,0,13.0,0.0,13.0
hist_gradient_boosting,newsvendor_adjusted_order,CA_1,FOODS_3_032,39.7545,9.3944,0.9674,9,49,27.0,0.0,22.0,0,22.0,0.0,22.0
hist_gradient_boosting,point_forecast_order,CA_1,FOODS_3_033,11.7941,5.3869,0.9674,0,12,10.0,0.0,2.0,0,2.0,0.0,2.0
hist_gradient_boosting,newsvendor_adjusted_order,CA_1,FOODS_3_033,11.7941,5.3869,0.9674,6,18,10.0,0.0,8.0,0,8.0,0.0,8.0
hist_gradient_boosting,point_forecast_order,CA_1,FOODS_3_034,50.9913,11.788,0.9674,0,51,51.0,18.0,0.0,1,0.0,90.0,90.0
hist_gradient_boosting,newsvendor_adjusted_order,CA_1,FOODS_3_034,50.9913,11.788,0.9674,12,63,63.0,6.0,0.0,1,0.0,30.0,30.0
hist_gradient_boosting,point_forecast_order,CA_1,FOODS_3_035,35.4548,6.7218,0.9674,0,36,28.0,0.0,8.0,0,8.0,0.0,8.0
hist_gradient_boosting,newsvendor_adjusted_order,CA_1,FOODS_3_035,35.4548,6.7218,0.9674,6,42,28.0,0.0,14.0,0,14.0,0.0,14.0
hist_gradient_boosting,point_forecast_order,CA_1,FOODS_3_036,20.5981,10.9639,0.9674,0,21,19.0,0.0,2.0,0,2.0,0.0,2.0
hist_gradient_boosting,newsvendor_adjusted_order,CA_1,FOODS_3_036,20.5981,10.9639,0.9674,11,32,19.0,0.0,13.0,0,13.0,0.0,13.0
hist_gradient_boosting,point_forecast_order,CA_1,FOODS_3_037,176.2754,84.8492,0.9674,0,177,177.0,20.0,0.0,1,0.0,100.0,100.0
hist_gradient_boosting,newsvendor_adjusted_order,CA_1,FOODS_3_037,176.2754,84.8492,0.9674,82,259,197.0,0.0,62.0,0,62.0,0.0,62.0
hist_gradient_boosting,point_forecast_order,CA_1,FOODS_3_038,19.544,7.2221,0.9674,0,20,20.0,5.0,0.0,1,0.0,25.0,25.0
hist_gradient_boosting,newsvendor_adjusted_order,CA_1,FOODS_3_038,19.544,7.2221,0.9674,7,27,25.0,0.0,2.0,0,2.0,0.0,2.0
hist_gradient_boosting,point_forecast_order,CA_1,FOODS_3_039,166.3572,66.6762,0.9674,0,167,167.0,6.0,0.0,1,0.0,30.0,30.0
hist_gradient_boosting,newsvendor_adjusted_order,CA_1,FOODS_3_039,166.3572,66.6762,0.9674,64,231,173.0,0.0,58.0,0,58.0,0.0,58.0
hist_gradient_boosting,point_forecast_order,CA_1,FOODS_3_040,27.014,13.0333,0.9674,0,28,25.0,0.0,3.0,0,3.0,0.0,3.0
hist_gradient_boosting,newsvendor_adjusted_order,CA_1,FOODS_3_040,27.014,13.0333,0.9674,12,40,25.0,0.0,15.0,0,15.0,0.0,15.0
hist_gradient_boosting,point_forecast_order,CA_1,FOODS_3_041,106.9998,33.85,0.9674,0,107,107.0,32.0,0.0,1,0.0,160.0,160.0
hist_gradient_boosting,newsvendor_adjusted_order,CA_1,FOODS_3_041,106.9998,33.85,0.9674,33,140,139.0,0.0,1.0,0,1.0,0.0,1.0
hist_gradient_boosting,point_forecast_order,CA_1,FOODS_3_042,90.0984,15.0905,0.9674,0,91,87.0,0.0,4.0,0,4.0,0.0,4.0
hist_gradient_boosting,newsvendor_adjusted_order,CA_1,FOODS_3_042,90.0984,15.0905,0.9674,14,105,87.0,0.0,18.0,0,18.0,0.0,18.0
hist_gradient_boosting,point_forecast_order,CA_1,FOODS_3_043,46.7816,23.7351,0.9674,0,47,46.0,0.0,1.0,0,1.0,0.0,1.0
hist_gradient_boosting,newsvendor_adjusted_order,CA_1,FOODS_3_043,46.7816,23.7351,0.9674,23,70,46.0,0.0,24.0,0,24.0,0.0,24.0
hist_gradient_boosting,point_forecast_order,CA_1,FOODS_3_044,21.8368,6.9995,0.9674,0,22,14.0,0.0,8.0,0,8.0,0.0,8.0
hist_gradient_boosting,newsvendor_adjusted_order,CA_1,FOODS_3_044,21.8368,6.9995,0.9674,7,29,14.0,0.0,15.0,0,15.0,0.0,15.0
hist_gradient_boosting,point_forecast_order,CA_1,FOODS_3_045,11.0246,3.5572,0.9674,0,12,7.0,0.0,5.0,0,5.0,0.0,5.0
hist_gradient_boosting,newsvendor_adjusted_order,CA_1,FOODS_3_045,11.0246,3.5572,0.9674,3,15,7.0,0.0,8.0,0,8.0,0.0,8.0
hist_gradient_boosting,point_forecast_order,CA_1,FOODS_3_046,42.4949,15.8125,0.9674,0,43,40.0,0.0,3.0,0,3.0,0.0,3.0
hist_gradient_boosting,newsvendor_adjusted_order,CA_1,FOODS_3_046,42.4949,15.8125,0.9674,15,58,40.0,0.0,18.0,0,18.0,0.0,18.0
hist_gradient_boosting,point_forecast_order,CA_1,FOODS_3_047,48.4799,13.5191,0.9674,0,49,29.0,0.0,20.0,0,20.0,0.0,20.0
hist_gradient_boosting,newsvendor_adjusted_order,CA_1,FOODS_3_047,48.4799,13.5191,0.9674,13,62,29.0,0.0,33.0,0,33.0,0.0,33.0
hist_gradient_boosting,point_forecast_order,CA_1,FOODS_3_048,45.583,10.435,0.9674,0,46,46.0,0.0,0.0,0,0.0,0.0,0.0
hist_gradient_boosting,newsvendor_adjusted_order,CA_1,FOODS_3_048,45.583,10.435,0.9674,10,56,46.0,0.0,10.0,0,10.0,0.0,10.0
hist_gradient_boosting,point_forecast_order,CA_1,FOODS_3_049,25.7006,7.0331,0.9674,0,26,24.0,0.0,2.0,0,2.0,0.0,2.0
hist_gradient_boosting,newsvendor_adjusted_order,CA_1,FOODS_3_049,25.7006,7.0331,0.9674,7,33,24.0,0.0,9.0,0,9.0,0.0,9.0
hist_gradient_boosting,point_forecast_order,CA_1,FOODS_3_050,11.572,4.1519,0.9674,0,12,2.0,0.0,10.0,0,10.0,0.0,10.0
hist_gradient_boosting,newsvendor_adjusted_order,CA_1,FOODS_3_050,11.572,4.1519,0.9674,4,16,2.0,0.0,14.0,0,14.0,0.0,14.0
hist_gradient_boosting,point_forecast_order,TX_1,FOODS_3_001,12.4848,0.876,0.9674,0,13,2.0,0.0,11.0,0,11.0,0.0,11.0
hist_gradient_boosting,newsvendor_adjusted_order,TX_1,FOODS_3_001,12.4848,0.876,0.9674,1,14,2.0,0.0,12.0,0,12.0,0.0,12.0
hist_gradient_boosting,point_forecast_order,TX_1,FOODS_3_002,30.1181,12.695,0.9674,0,31,28.0,0.0,3.0,0,3.0,0.0,3.0
hist_gradient_boosting,newsvendor_adjusted_order,TX_1,FOODS_3_002,30.1181,12.695,0.9674,12,43,28.0,0.0,15.0,0,15.0,0.0,15.0
hist_gradient_boosting,point_forecast_order,TX_1,FOODS_3_003,12.2353,9.1022,0.9674,0,13,8.0,0.0,5.0,0,5.0,0.0,5.0
hist_gradient_boosting,newsvendor_adjusted_order,TX_1,FOODS_3_003,12.2353,9.1022,0.9674,9,22,8.0,0.0,14.0,0,14.0,0.0,14.0
hist_gradient_boosting,point_forecast_order,TX_1,FOODS_3_004,6.2704,1.8893,0.9674,0,7,3.0,0.0,4.0,0,4.0,0.0,4.0
hist_gradient_boosting,newsvendor_adjusted_order,TX_1,FOODS_3_004,6.2704,1.8893,0.9674,2,9,3.0,0.0,6.0,0,6.0,0.0,6.0
hist_gradient_boosting,point_forecast_order,TX_1,FOODS_3_005,39.0749,9.4408,0.9674,0,40,35.0,0.0,5.0,0,5.0,0.0,5.0
hist_gradient_boosting,newsvendor_adjusted_order,TX_1,FOODS_3_005,39.0749,9.4408,0.9674,9,49,35.0,0.0,14.0,0,14.0,0.0,14.0
hist_gradient_boosting,point_forecast_order,TX_1,FOODS_3_006,19.1576,7.2673,0.9674,0,20,18.0,0.0,2.0,0,2.0,0.0,2.0
hist_gradient_boosting,newsvendor_adjusted_order,TX_1,FOODS_3_006,19.1576,7.2673,0.9674,7,27,18.0,0.0,9.0,0,9.0,0.0,9.0
hist_gradient_boosting,point_forecast_order,TX_1,FOODS_3_007,89.1807,74.4041,0.9674,0,90,43.0,0.0,47.0,0,47.0,0.0,47.0
hist_gradient_boosting,newsvendor_adjusted_order,TX_1,FOODS_3_007,89.1807,74.4041,0.9674,72,162,43.0,0.0,119.0,0,119.0,0.0,119.0
hist_gradient_boosting,point_forecast_order,TX_1,FOODS_3_008,33.5845,170.4077,0.9674,0,34,34.0,17.0,0.0,1,0.0,85.0,85.0
hist_gradient_boosting,newsvendor_adjusted_order,TX_1,FOODS_3_008,33.5845,170.4077,0.9674,165,199,51.0,0.0,148.0,0,148.0,0.0,148.0
hist_gradient_boosting,point_forecast_order,TX_1,FOODS_3_009,12.768,9.3851,0.9674,0,13,7.0,0.0,6.0,0,6.0,0.0,6.0
hist_gradient_boosting,newsvendor_adjusted_order,TX_1,FOODS_3_009,12.768,9.3851,0.9674,9,22,7.0,0.0,15.0,0,15.0,0.0,15.0
hist_gradient_boosting,point_forecast_order,TX_1,FOODS_3_010,11.4154,3.9332,0.9674,0,12,8.0,0.0,4.0,0,4.0,0.0,4.0
hist_gradient_boosting,newsvendor_adjusted_order,TX_1,FOODS_3_010,11.4154,3.9332,0.9674,4,16,8.0,0.0,8.0,0,8.0,0.0,8.0
hist_gradient_boosting,point_forecast_order,TX_1,FOODS_3_011,13.7505,5.3781,0.9674,0,14,11.0,0.0,3.0,0,3.0,0.0,3.0
hist_gradient_boosting,newsvendor_adjusted_order,TX_1,FOODS_3_011,13.7505,5.3781,0.9674,5,19,11.0,0.0,8.0,0,8.0,0.0,8.0
hist_gradient_boosting,point_forecast_order,TX_1,FOODS_3_012,18.6882,8.6062,0.9674,0,19,4.0,0.0,15.0,0,15.0,0.0,15.0
hist_gradient_boosting,newsvendor_adjusted_order,TX_1,FOODS_3_012,18.6882,8.6062,0.9674,9,28,4.0,0.0,24.0,0,24.0,0.0,24.0
hist_gradient_boosting,point_forecast_order,TX_1,FOODS_3_013,10.9037,6.6475,0.9674,0,11,10.0,0.0,1.0,0,1.0,0.0,1.0
hist_gradient_boosting,newsvendor_adjusted_order,TX_1,FOODS_3_013,10.9037,6.6475,0.9674,7,18,10.0,0.0,8.0,0,8.0,0.0,8.0
hist_gradient_boosting,point_forecast_order,TX_1,FOODS_3_014,11.745,3.4233,0.9674,0,12,4.0,0.0,8.0,0,8.0,0.0,8.0
hist_gradient_boosting,newsvendor_adjusted_order,TX_1,FOODS_3_014,11.745,3.4233,0.9674,4,16,4.0,0.0,12.0,0,12.0,0.0,12.0
hist_gradient_boosting,point_forecast_order,TX_1,FOODS_3_015,33.3698,8.4129,0.9674,0,34,34.0,5.0,0.0,1,0.0,25.0,25.0
hist_gradient_boosting,newsvendor_adjusted_order,TX_1,FOODS_3_015,33.3698,8.4129,0.9674,8,42,39.0,0.0,3.0,0,3.0,0.0,3.0
hist_gradient_boosting,point_forecast_order,TX_1,FOODS_3_016,9.9102,4.7787,0.9674,0,10,10.0,2.0,0.0,1,0.0,10.0,10.0
hist_gradient_boosting,newsvendor_adjusted_order,TX_1,FOODS_3_016,9.9102,4.7787,0.9674,5,15,12.0,0.0,3.0,0,3.0,0.0,3.0
hist_gradient_boosting,point_forecast_order,TX_1,FOODS_3_017,4.7261,4.2624,0.9674,0,5,5.0,0.0,0.0,0,0.0,0.0,0.0
hist_gradient_boosting,newsvendor_adjusted_order,TX_1,FOODS_3_017,4.7261,4.2624,0.9674,4,9,5.0,0.0,4.0,0,4.0,0.0,4.0
hist_gradient_boosting,point_forecast_order,TX_1,FOODS_3_018,15.0261,5.2788,0.9674,0,16,10.0,0.0,6.0,0,6.0,0.0,6.0
hist_gradient_boosting,newsvendor_adjusted_order,TX_1,FOODS_3_018,15.0261,5.2788,0.9674,5,21,10.0,0.0,11.0,0,11.0,0.0,11.0
hist_gradient_boosting,point_forecast_order,TX_1,FOODS_3_019,13.3385,2.9551,0.9674,0,14,14.0,1.0,0.0,1,0.0,5.0,5.0
hist_gradient_boosting,newsvendor_adjusted_order,TX_1,FOODS_3_019,13.3385,2.9551,0.9674,3,17,15.0,0.0,2.0,0,2.0,0.0,2.0
hist_gradient_boosting,point_forecast_order,TX_1,FOODS_3_020,75.2181,42.4094,0.9674,0,76,64.0,0.0,12.0,0,12.0,0.0,12.0
hist_gradient_boosting,newsvendor_adjusted_order,TX_1,FOODS_3_020,75.2181,42.4094,0.9674,41,117,64.0,0.0,53.0,0,53.0,0.0,53.0
hist_gradient_boosting,point_forecast_order,TX_1,FOODS_3_021,33.2982,20.2748,0.9674,0,34,18.0,0.0,16.0,0,16.0,0.0,16.0
hist_gradient_boosting,newsvendor_adjusted_order,TX_1,FOODS_3_021,33.2982,20.2748,0.9674,19,53,18.0,0.0,35.0,0,35.0,0.0,35.0
hist_gradient_boosting,point_forecast_order,TX_1,FOODS_3_022,8.0002,7.2243,0.9674,0,9,9.0,1.0,0.0,1,0.0,5.0,5.0
hist_gradient_boosting,newsvendor_adjusted_order,TX_1,FOODS_3_022,8.0002,7.2243,0.9674,6,15,10.0,0.0,5.0,0,5.0,0.0,5.0
hist_gradient_boosting,point_forecast_order,TX_1,FOODS_3_023,32.3779,8.7578,0.9674,0,33,21.0,0.0,12.0,0,12.0,0.0,12.0
hist_gradient_boosting,newsvendor_adjusted_order,TX_1,FOODS_3_023,32.3779,8.7578,0.9674,8,41,21.0,0.0,20.0,0,20.0,0.0,20.0
hist_gradient_boosting,point_forecast_order,TX_1,FOODS_3_024,30.4235,31.387,0.9674,0,31,0.0,0.0,31.0,0,31.0,0.0,31.0
hist_gradient_boosting,newsvendor_adjusted_order,TX_1,FOODS_3_024,30.4235,31.387,0.9674,30,61,0.0,0.0,61.0,0,61.0,0.0,61.0
hist_gradient_boosting,point_forecast_order,TX_1,FOODS_3_025,26.6016,10.6661,0.9674,0,27,27.0,8.0,0.0,1,0.0,40.0,40.0
hist_gradient_boosting,newsvendor_adjusted_order,TX_1,FOODS_3_025,26.6016,10.6661,0.9674,10,37,35.0,0.0,2.0,0,2.0,0.0,2.0
hist_gradient_boosting,point_forecast_order,TX_1,FOODS_3_026,24.6961,10.0222,0.9674,0,25,25.0,10.0,0.0,1,0.0,50.0,50.0
hist_gradient_boosting,newsvendor_adjusted_order,TX_1,FOODS_3_026,24.6961,10.0222,0.9674,10,35,35.0,0.0,0.0,0,0.0,0.0,0.0
hist_gradient_boosting,point_forecast_order,TX_1,FOODS_3_027,20.9509,7.7882,0.9674,0,21,15.0,0.0,6.0,0,6.0,0.0,6.0
hist_gradient_boosting,newsvendor_adjusted_order,TX_1,FOODS_3_027,20.9509,7.7882,0.9674,8,29,15.0,0.0,14.0,0,14.0,0.0,14.0
hist_gradient_boosting,point_forecast_order,TX_1,FOODS_3_028,19.2797,5.7703,0.9674,0,20,20.0,1.0,0.0,1,0.0,5.0,5.0
hist_gradient_boosting,newsvendor_adjusted_order,TX_1,FOODS_3_028,19.2797,5.7703,0.9674,5,25,21.0,0.0,4.0,0,4.0,0.0,4.0
hist_gradient_boosting,point_forecast_order,TX_1,FOODS_3_029,35.0279,11.4322,0.9674,0,36,13.0,0.0,23.0,0,23.0,0.0,23.0
hist_gradient_boosting,newsvendor_adjusted_order,TX_1,FOODS_3_029,35.0279,11.4322,0.9674,11,47,13.0,0.0,34.0,0,34.0,0.0,34.0
hist_gradient_boosting,point_forecast_order,TX_1,FOODS_3_030,250.7965,106.2159,0.9674,0,251,251.0,81.0,0.0,1,0.0,405.0,405.0
hist_gradient_boosting,newsvendor_adjusted_order,TX_1,FOODS_3_030,250.7965,106.2159,0.9674,103,354,332.0,0.0,22.0,0,22.0,0.0,22.0
hist_gradient_boosting,point_forecast_order,TX_1,FOODS_3_031,17.9711,5.7215,0.9674,0,18,18.0,12.0,0.0,1,0.0,60.0,60.0
hist_gradient_boosting,newsvendor_adjusted_order,TX_1,FOODS_3_031,17.9711,5.7215,0.9674,6,24,24.0,6.0,0.0,1,0.0,30.0,30.0
hist_gradient_boosting,point_forecast_order,TX_1,FOODS_3_032,42.8635,7.715,0.9674,0,43,31.0,0.0,12.0,0,12.0,0.0,12.0
hist_gradient_boosting,newsvendor_adjusted_order,TX_1,FOODS_3_032,42.8635,7.715,0.9674,8,51,31.0,0.0,20.0,0,20.0,0.0,20.0
hist_gradient_boosting,point_forecast_order,TX_1,FOODS_3_033,10.9755,4.4757,0.9674,0,11,7.0,0.0,4.0,0,4.0,0.0,4.0
hist_gradient_boosting,newsvendor_adjusted_order,TX_1,FOODS_3_033,10.9755,4.4757,0.9674,5,16,7.0,0.0,9.0,0,9.0,0.0,9.0
hist_gradient_boosting,point_forecast_order,TX_1,FOODS_3_034,27.3078,17.6247,0.9674,0,28,28.0,6.0,0.0,1,0.0,30.0,30.0
hist_gradient_boosting,newsvendor_adjusted_order,TX_1,FOODS_3_034,27.3078,17.6247,0.9674,17,45,34.0,0.0,11.0,0,11.0,0.0,11.0
hist_gradient_boosting,point_forecast_order,TX_1,FOODS_3_035,21.8455,5.6037,0.9674,0,22,11.0,0.0,11.0,0,11.0,0.0,11.0
hist_gradient_boosting,newsvendor_adjusted_order,TX_1,FOODS_3_035,21.8455,5.6037,0.9674,6,28,11.0,0.0,17.0,0,17.0,0.0,17.0
hist_gradient_boosting,point_forecast_order,TX_1,FOODS_3_036,7.9112,2.7791,0.9674,0,8,2.0,0.0,6.0,0,6.0,0.0,6.0
hist_gradient_boosting,newsvendor_adjusted_order,TX_1,FOODS_3_036,7.9112,2.7791,0.9674,3,11,2.0,0.0,9.0,0,9.0,0.0,9.0
hist_gradient_boosting,point_forecast_order,TX_1,FOODS_3_037,34.9836,17.5537,0.9674,0,35,32.0,0.0,3.0,0,3.0,0.0,3.0
hist_gradient_boosting,newsvendor_adjusted_order,TX_1,FOODS_3_037,34.9836,17.5537,0.9674,17,52,32.0,0.0,20.0,0,20.0,0.0,20.0
hist_gradient_boosting,point_forecast_order,TX_1,FOODS_3_038,9.0136,3.4454,0.9674,0,10,4.0,0.0,6.0,0,6.0,0.0,6.0
hist_gradient_boosting,newsvendor_adjusted_order,TX_1,FOODS_3_038,9.0136,3.4454,0.9674,3,13,4.0,0.0,9.0,0,9.0,0.0,9.0
hist_gradient_boosting,point_forecast_order,TX_1,FOODS_3_039,32.618,14.2686,0.9674,0,33,33.0,8.0,0.0,1,0.0,40.0,40.0
hist_gradient_boosting,newsvendor_adjusted_order,TX_1,FOODS_3_039,32.618,14.2686,0.9674,14,47,41.0,0.0,6.0,0,6.0,0.0,6.0
hist_gradient_boosting,point_forecast_order,TX_1,FOODS_3_040,12.5218,3.8441,0.9674,0,13,3.0,0.0,10.0,0,10.0,0.0,10.0
hist_gradient_boosting,newsvendor_adjusted_order,TX_1,FOODS_3_040,12.5218,3.8441,0.9674,4,17,3.0,0.0,14.0,0,14.0,0.0,14.0
hist_gradient_boosting,point_forecast_order,TX_1,FOODS_3_041,40.0583,11.4145,0.9674,0,41,41.0,7.0,0.0,1,0.0,35.0,35.0
hist_gradient_boosting,newsvendor_adjusted_order,TX_1,FOODS_3_041,40.0583,11.4145,0.9674,11,52,48.0,0.0,4.0,0,4.0,0.0,4.0
hist_gradient_boosting,point_forecast_order,TX_1,FOODS_3_042,81.0437,30.4448,0.9674,0,82,82.0,14.0,0.0,1,0.0,70.0,70.0
hist_gradient_boosting,newsvendor_adjusted_order,TX_1,FOODS_3_042,81.0437,30.4448,0.9674,29,111,96.0,0.0,15.0,0,15.0,0.0,15.0
hist_gradient_boosting,point_forecast_order,TX_1,FOODS_3_043,11.2191,3.9742,0.9674,0,12,7.0,0.0,5.0,0,5.0,0.0,5.0
hist_gradient_boosting,newsvendor_adjusted_order,TX_1,FOODS_3_043,11.2191,3.9742,0.9674,4,16,7.0,0.0,9.0,0,9.0,0.0,9.0
hist_gradient_boosting,point_forecast_order,TX_1,FOODS_3_044,15.5048,4.0499,0.9674,0,16,5.0,0.0,11.0,0,11.0,0.0,11.0
hist_gradient_boosting,newsvendor_adjusted_order,TX_1,FOODS_3_044,15.5048,4.0499,0.9674,4,20,5.0,0.0,15.0,0,15.0,0.0,15.0
hist_gradient_boosting,point_forecast_order,TX_1,FOODS_3_045,12.4614,3.5992,0.9674,0,13,13.0,2.0,0.0,1,0.0,10.0,10.0
hist_gradient_boosting,newsvendor_adjusted_order,TX_1,FOODS_3_045,12.4614,3.5992,0.9674,3,16,15.0,0.0,1.0,0,1.0,0.0,1.0
hist_gradient_boosting,point_forecast_order,TX_1,FOODS_3_046,10.7372,2.0218,0.9674,0,11,2.0,0.0,9.0,0,9.0,0.0,9.0
hist_gradient_boosting,newsvendor_adjusted_order,TX_1,FOODS_3_046,10.7372,2.0218,0.9674,2,13,2.0,0.0,11.0,0,11.0,0.0,11.0
hist_gradient_boosting,point_forecast_order,TX_1,FOODS_3_047,48.9211,11.1449,0.9674,0,49,29.0,0.0,20.0,0,20.0,0.0,20.0
hist_gradient_boosting,newsvendor_adjusted_order,TX_1,FOODS_3_047,48.9211,11.1449,0.9674,11,60,29.0,0.0,31.0,0,31.0,0.0,31.0
hist_gradient_boosting,point_forecast_order,TX_1,FOODS_3_048,34.6891,12.9957,0.9674,0,35,35.0,17.0,0.0,1,0.0,85.0,85.0
hist_gradient_boosting,newsvendor_adjusted_order,TX_1,FOODS_3_048,34.6891,12.9957,0.9674,13,48,48.0,4.0,0.0,1,0.0,20.0,20.0
hist_gradient_boosting,point_forecast_order,TX_1,FOODS_3_049,10.1063,2.3931,0.9674,0,11,8.0,0.0,3.0,0,3.0,0.0,3.0
hist_gradient_boosting,newsvendor_adjusted_order,TX_1,FOODS_3_049,10.1063,2.3931,0.9674,2,13,8.0,0.0,5.0,0,5.0,0.0,5.0
hist_gradient_boosting,point_forecast_order,TX_1,FOODS_3_050,8.2335,2.082,0.9674,0,9,4.0,0.0,5.0,0,5.0,0.0,5.0
hist_gradient_boosting,newsvendor_adjusted_order,TX_1,FOODS_3_050,8.2335,2.082,0.9674,2,11,4.0,0.0,7.0,0,7.0,0.0,7.0
hist_gradient_boosting,point_forecast_order,WI_1,FOODS_3_001,13.0118,8.5612,0.9674,0,14,10.0,0.0,4.0,0,4.0,0.0,4.0
hist_gradient_boosting,newsvendor_adjusted_order,WI_1,FOODS_3_001,13.0118,8.5612,0.9674,8,22,10.0,0.0,12.0,0,12.0,0.0,12.0
hist_gradient_boosting,point_forecast_order,WI_1,FOODS_3_002,33.2926,93.5249,0.9674,0,34,34.0,77.0,0.0,1,0.0,385.0,385.0
hist_gradient_boosting,newsvendor_adjusted_order,WI_1,FOODS_3_002,33.2926,93.5249,0.9674,90,124,111.0,0.0,13.0,0,13.0,0.0,13.0
hist_gradient_boosting,point_forecast_order,WI_1,FOODS_3_003,34.532,18.48,0.9674,0,35,30.0,0.0,5.0,0,5.0,0.0,5.0
hist_gradient_boosting,newsvendor_adjusted_order,WI_1,FOODS_3_003,34.532,18.48,0.9674,18,53,30.0,0.0,23.0,0,23.0,0.0,23.0
hist_gradient_boosting,point_forecast_order,WI_1,FOODS_3_004,10.7251,5.3924,0.9674,0,11,10.0,0.0,1.0,0,1.0,0.0,1.0
hist_gradient_boosting,newsvendor_adjusted_order,WI_1,FOODS_3_004,10.7251,5.3924,0.9674,5,16,10.0,0.0,6.0,0,6.0,0.0,6.0
hist_gradient_boosting,point_forecast_order,WI_1,FOODS_3_005,18.908,7.2522,0.9674,0,19,18.0,0.0,1.0,0,1.0,0.0,1.0
hist_gradient_boosting,newsvendor_adjusted_order,WI_1,FOODS_3_005,18.908,7.2522,0.9674,7,26,18.0,0.0,8.0,0,8.0,0.0,8.0
hist_gradient_boosting,point_forecast_order,WI_1,FOODS_3_006,27.2605,11.3841,0.9674,0,28,27.0,0.0,1.0,0,1.0,0.0,1.0
hist_gradient_boosting,newsvendor_adjusted_order,WI_1,FOODS_3_006,27.2605,11.3841,0.9674,11,39,27.0,0.0,12.0,0,12.0,0.0,12.0
hist_gradient_boosting,point_forecast_order,WI_1,FOODS_3_007,86.9545,44.5861,0.9674,0,87,87.0,56.0,0.0,1,0.0,280.0,280.0
hist_gradient_boosting,newsvendor_adjusted_order,WI_1,FOODS_3_007,86.9545,44.5861,0.9674,44,131,131.0,12.0,0.0,1,0.0,60.0,60.0
hist_gradient_boosting,point_forecast_order,WI_1,FOODS_3_008,33.9889,98.5216,0.9674,0,34,34.0,91.0,0.0,1,0.0,455.0,455.0
hist_gradient_boosting,newsvendor_adjusted_order,WI_1,FOODS_3_008,33.9889,98.5216,0.9674,96,130,125.0,0.0,5.0,0,5.0,0.0,5.0
hist_gradient_boosting,point_forecast_order,WI_1,FOODS_3_009,12.1319,7.1623,0.9674,0,13,3.0,0.0,10.0,0,10.0,0.0,10.0
hist_gradient_boosting,newsvendor_adjusted_order,WI_1,FOODS_3_009,12.1319,7.1623,0.9674,7,20,3.0,0.0,17.0,0,17.0,0.0,17.0
hist_gradient_boosting,point_forecast_order,WI_1,FOODS_3_010,29.9079,16.7531,0.9674,0,30,30.0,19.0,0.0,1,0.0,95.0,95.0
hist_gradient_boosting,newsvendor_adjusted_order,WI_1,FOODS_3_010,29.9079,16.7531,0.9674,17,47,47.0,2.0,0.0,1,0.0,10.0,10.0
hist_gradient_boosting,point_forecast_order,WI_1,FOODS_3_011,67.6619,19.8241,0.9674,0,68,57.0,0.0,11.0,0,11.0,0.0,11.0
hist_gradient_boosting,newsvendor_adjusted_order,WI_1,FOODS_3_011,67.6619,19.8241,0.9674,19,87,57.0,0.0,30.0,0,30.0,0.0,30.0
hist_gradient_boosting,point_forecast_order,WI_1,FOODS_3_012,22.8061,15.3698,0.9674,0,23,23.0,2.0,0.0,1,0.0,10.0,10.0
hist_gradient_boosting,newsvendor_adjusted_order,WI_1,FOODS_3_012,22.8061,15.3698,0.9674,15,38,25.0,0.0,13.0,0,13.0,0.0,13.0
hist_gradient_boosting,point_forecast_order,WI_1,FOODS_3_013,44.3228,23.3165,0.9674,0,45,45.0,15.0,0.0,1,0.0,75.0,75.0
hist_gradient_boosting,newsvendor_adjusted_order,WI_1,FOODS_3_013,44.3228,23.3165,0.9674,22,67,60.0,0.0,7.0,0,7.0,0.0,7.0
hist_gradient_boosting,point_forecast_order,WI_1,FOODS_3_014,26.2921,8.4326,0.9674,0,27,23.0,0.0,4.0,0,4.0,0.0,4.0
hist_gradient_boosting,newsvendor_adjusted_order,WI_1,FOODS_3_014,26.2921,8.4326,0.9674,8,35,23.0,0.0,12.0,0,12.0,0.0,12.0
hist_gradient_boosting,point_forecast_order,WI_1,FOODS_3_015,44.3042,19.1949,0.9674,0,45,45.0,4.0,0.0,1,0.0,20.0,20.0
hist_gradient_boosting,newsvendor_adjusted_order,WI_1,FOODS_3_015,44.3042,19.1949,0.9674,18,63,49.0,0.0,14.0,0,14.0,0.0,14.0
hist_gradient_boosting,point_forecast_order,WI_1,FOODS_3_016,36.8566,9.3418,0.9674,0,37,37.0,9.0,0.0,1,0.0,45.0,45.0
hist_gradient_boosting,newsvendor_adjusted_order,WI_1,FOODS_3_016,36.8566,9.3418,0.9674,9,46,46.0,0.0,0.0,0,0.0,0.0,0.0
hist_gradient_boosting,point_forecast_order,WI_1,FOODS_3_017,6.361,1.9325,0.9674,0,7,7.0,1.0,0.0,1,0.0,5.0,5.0
hist_gradient_boosting,newsvendor_adjusted_order,WI_1,FOODS_3_017,6.361,1.9325,0.9674,2,9,8.0,0.0,1.0,0,1.0,0.0,1.0
hist_gradient_boosting,point_forecast_order,WI_1,FOODS_3_018,17.6703,7.6484,0.9674,0,18,15.0,0.0,3.0,0,3.0,0.0,3.0
hist_gradient_boosting,newsvendor_adjusted_order,WI_1,FOODS_3_018,17.6703,7.6484,0.9674,8,26,15.0,0.0,11.0,0,11.0,0.0,11.0
hist_gradient_boosting,point_forecast_order,WI_1,FOODS_3_019,33.041,5.4243,0.9674,0,34,34.0,5.0,0.0,1,0.0,25.0,25.0
hist_gradient_boosting,newsvendor_adjusted_order,WI_1,FOODS_3_019,33.041,5.4243,0.9674,5,39,39.0,0.0,0.0,0,0.0,0.0,0.0
hist_gradient_boosting,point_forecast_order,WI_1,FOODS_3_020,108.4505,50.3851,0.9674,0,109,109.0,22.0,0.0,1,0.0,110.0,110.0
hist_gradient_boosting,newsvendor_adjusted_order,WI_1,FOODS_3_020,108.4505,50.3851,0.9674,49,158,131.0,0.0,27.0,0,27.0,0.0,27.0
hist_gradient_boosting,point_forecast_order,WI_1,FOODS_3_021,12.1596,4.5532,0.9674,0,13,9.0,0.0,4.0,0,4.0,0.0,4.0
hist_gradient_boosting,newsvendor_adjusted_order,WI_1,FOODS_3_021,12.1596,4.5532,0.9674,4,17,9.0,0.0,8.0,0,8.0,0.0,8.0
hist_gradient_boosting,point_forecast_order,WI_1,FOODS_3_022,6.7947,3.6015,0.9674,0,7,7.0,3.0,0.0,1,0.0,15.0,15.0
hist_gradient_boosting,newsvendor_adjusted_order,WI_1,FOODS_3_022,6.7947,3.6015,0.9674,4,11,10.0,0.0,1.0,0,1.0,0.0,1.0
hist_gradient_boosting,point_forecast_order,WI_1,FOODS_3_023,19.1918,4.6545,0.9674,0,20,17.0,0.0,3.0,0,3.0,0.0,3.0
hist_gradient_boosting,newsvendor_adjusted_order,WI_1,FOODS_3_023,19.1918,4.6545,0.9674,4,24,17.0,0.0,7.0,0,7.0,0.0,7.0
hist_gradient_boosting,point_forecast_order,WI_1,FOODS_3_024,41.1652,74.6328,0.9674,0,42,0.0,0.0,42.0,0,42.0,0.0,42.0
hist_gradient_boosting,newsvendor_adjusted_order,WI_1,FOODS_3_024,41.1652,74.6328,0.9674,72,114,0.0,0.0,114.0,0,114.0,0.0,114.0
hist_gradient_boosting,point_forecast_order,WI_1,FOODS_3_025,48.6927,16.2832,0.9674,0,49,49.0,4.0,0.0,1,0.0,20.0,20.0
hist_gradient_boosting,newsvendor_adjusted_order,WI_1,FOODS_3_025,48.6927,16.2832,0.9674,16,65,53.0,0.0,12.0,0,12.0,0.0,12.0
hist_gradient_boosting,point_forecast_order,WI_1,FOODS_3_026,32.5087,7.6763,0.9674,0,33,33.0,0.0,0.0,0,0.0,0.0,0.0
hist_gradient_boosting,newsvendor_adjusted_order,WI_1,FOODS_3_026,32.5087,7.6763,0.9674,7,40,33.0,0.0,7.0,0,7.0,0.0,7.0
hist_gradient_boosting,point_forecast_order,WI_1,FOODS_3_027,20.6345,7.036,0.9674,0,21,21.0,2.0,0.0,1,0.0,10.0,10.0
hist_gradient_boosting,newsvendor_adjusted_order,WI_1,FOODS_3_027,20.6345,7.036,0.9674,7,28,23.0,0.0,5.0,0,5.0,0.0,5.0
hist_gradient_boosting,point_forecast_order,WI_1,FOODS_3_028,27.0031,4.675,0.9674,0,28,15.0,0.0,13.0,0,13.0,0.0,13.0
hist_gradient_boosting,newsvendor_adjusted_order,WI_1,FOODS_3_028,27.0031,4.675,0.9674,4,32,15.0,0.0,17.0,0,17.0,0.0,17.0
hist_gradient_boosting,point_forecast_order,WI_1,FOODS_3_029,65.296,19.6666,0.9674,0,66,58.0,0.0,8.0,0,8.0,0.0,8.0
hist_gradient_boosting,newsvendor_adjusted_order,WI_1,FOODS_3_029,65.296,19.6666,0.9674,19,85,58.0,0.0,27.0,0,27.0,0.0,27.0
hist_gradient_boosting,point_forecast_order,WI_1,FOODS_3_030,176.5331,66.8643,0.9674,0,177,177.0,8.0,0.0,1,0.0,40.0,40.0
hist_gradient_boosting,newsvendor_adjusted_order,WI_1,FOODS_3_030,176.5331,66.8643,0.9674,65,242,185.0,0.0,57.0,0,57.0,0.0,57.0
hist_gradient_boosting,point_forecast_order,WI_1,FOODS_3_031,29.5824,7.3588,0.9674,0,30,30.0,9.0,0.0,1,0.0,45.0,45.0
hist_gradient_boosting,newsvendor_adjusted_order,WI_1,FOODS_3_031,29.5824,7.3588,0.9674,7,37,37.0,2.0,0.0,1,0.0,10.0,10.0
hist_gradient_boosting,point_forecast_order,WI_1,FOODS_3_032,41.3079,10.3146,0.9674,0,42,31.0,0.0,11.0,0,11.0,0.0,11.0
hist_gradient_boosting,newsvendor_adjusted_order,WI_1,FOODS_3_032,41.3079,10.3146,0.9674,10,52,31.0,0.0,21.0,0,21.0,0.0,21.0
hist_gradient_boosting,point_forecast_order,WI_1,FOODS_3_033,14.008,3.8208,0.9674,0,15,15.0,6.0,0.0,1,0.0,30.0,30.0
hist_gradient_boosting,newsvendor_adjusted_order,WI_1,FOODS_3_033,14.008,3.8208,0.9674,3,18,18.0,3.0,0.0,1,0.0,15.0,15.0
hist_gradient_boosting,point_forecast_order,WI_1,FOODS_3_034,23.8496,7.9035,0.9674,0,24,20.0,0.0,4.0,0,4.0,0.0,4.0
hist_gradient_boosting,newsvendor_adjusted_order,WI_1,FOODS_3_034,23.8496,7.9035,0.9674,8,32,20.0,0.0,12.0,0,12.0,0.0,12.0
hist_gradient_boosting,point_forecast_order,WI_1,FOODS_3_035,26.5107,9.1901,0.9674,0,27,22.0,0.0,5.0,0,5.0,0.0,5.0
hist_gradient_boosting,newsvendor_adjusted_order,WI_1,FOODS_3_035,26.5107,9.1901,0.9674,9,36,22.0,0.0,14.0,0,14.0,0.0,14.0
hist_gradient_boosting,point_forecast_order,WI_1,FOODS_3_036,13.3418,5.9262,0.9674,0,14,12.0,0.0,2.0,0,2.0,0.0,2.0
hist_gradient_boosting,newsvendor_adjusted_order,WI_1,FOODS_3_036,13.3418,5.9262,0.9674,6,20,12.0,0.0,8.0,0,8.0,0.0,8.0
hist_gradient_boosting,point_forecast_order,WI_1,FOODS_3_037,61.2115,39.947,0.9674,0,62,62.0,5.0,0.0,1,0.0,25.0,25.0
hist_gradient_boosting,newsvendor_adjusted_order,WI_1,FOODS_3_037,61.2115,39.947,0.9674,38,100,67.0,0.0,33.0,0,33.0,0.0,33.0
hist_gradient_boosting,point_forecast_order,WI_1,FOODS_3_038,30.5328,14.2887,0.9674,0,31,21.0,0.0,10.0,0,10.0,0.0,10.0
hist_gradient_boosting,newsvendor_adjusted_order,WI_1,FOODS_3_038,30.5328,14.2887,0.9674,14,45,21.0,0.0,24.0,0,24.0,0.0,24.0
hist_gradient_boosting,point_forecast_order,WI_1,FOODS_3_039,177.9836,81.3346,0.9674,0,178,178.0,24.0,0.0,1,0.0,120.0,120.0
hist_gradient_boosting,newsvendor_adjusted_order,WI_1,FOODS_3_039,177.9836,81.3346,0.9674,79,257,202.0,0.0,55.0,0,55.0,0.0,55.0
hist_gradient_boosting,point_forecast_order,WI_1,FOODS_3_040,34.7814,19.2958,0.9674,0,35,35.0,13.0,0.0,1,0.0,65.0,65.0
hist_gradient_boosting,newsvendor_adjusted_order,WI_1,FOODS_3_040,34.7814,19.2958,0.9674,19,54,48.0,0.0,6.0,0,6.0,0.0,6.0
hist_gradient_boosting,point_forecast_order,WI_1,FOODS_3_041,61.0996,22.5759,0.9674,0,62,56.0,0.0,6.0,0,6.0,0.0,6.0
hist_gradient_boosting,newsvendor_adjusted_order,WI_1,FOODS_3_041,61.0996,22.5759,0.9674,21,83,56.0,0.0,27.0,0,27.0,0.0,27.0
hist_gradient_boosting,point_forecast_order,WI_1,FOODS_3_042,391.6203,39.9211,0.9674,0,392,392.0,52.0,0.0,1,0.0,260.0,260.0
hist_gradient_boosting,newsvendor_adjusted_order,WI_1,FOODS_3_042,391.6203,39.9211,0.9674,39,431,431.0,13.0,0.0,1,0.0,65.0,65.0
hist_gradient_boosting,point_forecast_order,WI_1,FOODS_3_043,28.802,13.8372,0.9674,0,29,23.0,0.0,6.0,0,6.0,0.0,6.0
hist_gradient_boosting,newsvendor_adjusted_order,WI_1,FOODS_3_043,28.802,13.8372,0.9674,14,43,23.0,0.0,20.0,0,20.0,0.0,20.0
hist_gradient_boosting,point_forecast_order,WI_1,FOODS_3_044,46.4028,20.9504,0.9674,0,47,35.0,0.0,12.0,0,12.0,0.0,12.0
hist_gradient_boosting,newsvendor_adjusted_order,WI_1,FOODS_3_044,46.4028,20.9504,0.9674,20,67,35.0,0.0,32.0,0,32.0,0.0,32.0
hist_gradient_boosting,point_forecast_order,WI_1,FOODS_3_045,16.0271,4.6649,0.9674,0,17,17.0,1.0,0.0,1,0.0,5.0,5.0
hist_gradient_boosting,newsvendor_adjusted_order,WI_1,FOODS_3_045,16.0271,4.6649,0.9674,4,21,18.0,0.0,3.0,0,3.0,0.0,3.0
hist_gradient_boosting,point_forecast_order,WI_1,FOODS_3_046,40.7572,8.4481,0.9674,0,41,41.0,8.0,0.0,1,0.0,40.0,40.0
hist_gradient_boosting,newsvendor_adjusted_order,WI_1,FOODS_3_046,40.7572,8.4481,0.9674,8,49,49.0,0.0,0.0,0,0.0,0.0,0.0
hist_gradient_boosting,point_forecast_order,WI_1,FOODS_3_047,50.2294,10.9094,0.9674,0,51,28.0,0.0,23.0,0,23.0,0.0,23.0
hist_gradient_boosting,newsvendor_adjusted_order,WI_1,FOODS_3_047,50.2294,10.9094,0.9674,10,61,28.0,0.0,33.0,0,33.0,0.0,33.0
hist_gradient_boosting,point_forecast_order,WI_1,FOODS_3_048,94.3065,33.9839,0.9674,0,95,95.0,3.0,0.0,1,0.0,15.0,15.0
hist_gradient_boosting,newsvendor_adjusted_order,WI_1,FOODS_3_048,94.3065,33.9839,0.9674,33,128,98.0,0.0,30.0,0,30.0,0.0,30.0
hist_gradient_boosting,point_forecast_order,WI_1,FOODS_3_049,10.2734,3.7685,0.9674,0,11,7.0,0.0,4.0,0,4.0,0.0,4.0
hist_gradient_boosting,newsvendor_adjusted_order,WI_1,FOODS_3_049,10.2734,3.7685,0.9674,3,14,7.0,0.0,7.0,0,7.0,0.0,7.0
hist_gradient_boosting,point_forecast_order,WI_1,FOODS_3_050,8.9472,3.1291,0.9674,0,9,6.0,0.0,3.0,0,3.0,0.0,3.0
hist_gradient_boosting,newsvendor_adjusted_order,WI_1,FOODS_3_050,8.9472,3.1291,0.9674,3,12,6.0,0.0,6.0,0,6.0,0.0,6.0
